Flight No.,Date and time (UTC),"Version, booster[i]",Launch site,Payload[j],Payload mass,Orbit,Customer,Launch outcome,Booster landing,Unnamed: 10,Payload mass (kg),Landing_Success
418,"January 4, 2025 01:27[29]",F9 B5 B1073‑20,CCSFS,Thuraya 4-NGS,"5,000 kg (11,000 lb)",GTO,Thuraya,Success,Success (ASOG),,5000.0,1
418,Planned replacement for Thuraya 2 and 3.[30][31],Planned replacement for Thuraya 2 and 3.[30][31],Other,Planned replacement for Thuraya 2 and 3.[30][31],Planned replacement for Thuraya 2 and 3.[30][31],Other,Planned replacement for Thuraya 2 and 3.[30][31],Planned replacement for Thuraya 2 and 3.[30][31],Planned replacement for Thuraya 2 and 3.[30][31],,2.0,0
419,"January 6, 2025 20:43[32]",F9 B5 B1077‑17,CCSFS,Starlink: Group 6‑71,"~17,500 kg (38,600 lb)",LEO,SpaceX,Success,Success (JRTI),,17500.0,1
419,Launch of 24 Starlink v2 mini satellites to a 559 km (347 mi) orbit at an inclination of 43° to expand internet constellation. 1st time flying a fairing half for the 23rd time.,Launch of 24 Starlink v2 mini satellites to a 559 km (347 mi) orbit at an inclination of 43° to expand internet constellation. 1st time flying a fairing half for the 23rd time.,Other,Launch of 24 Starlink v2 mini satellites to a 559 km (347 mi) orbit at an inclination of 43° to expand internet constellation. 1st time flying a fairing half for the 23rd time.,Launch of 24 Starlink v2 mini satellites to a 559 km (347 mi) orbit at an inclination of 43° to expand internet constellation. 1st time flying a fairing half for the 23rd time.,Other,Launch of 24 Starlink v2 mini satellites to a 559 km (347 mi) orbit at an inclination of 43° to expand internet constellation. 1st time flying a fairing half for the 23rd time.,Launch of 24 Starlink v2 mini satellites to a 559 km (347 mi) orbit at an inclination of 43° to expand internet constellation. 1st time flying a fairing half for the 23rd time.,Launch of 24 Starlink v2 mini satellites to a 559 km (347 mi) orbit at an inclination of 43° to expand internet constellation. 1st time flying a fairing half for the 23rd time.,,24.0,0
420,"January 8, 2025 15:27[33]",F9 B5 B1086‑3,KSC,Starlink: Group 12-11 (21 satellites),"~16,500 kg (36,400 lb)",LEO,SpaceX,Success,Success (ASOG),,16500.0,1
420,"Launch of 21 Starlink v2 mini satellites, including 13 with direct-to-cell connectivity, to a 559 km (347 mi) orbit at an inclination of 43° to expand internet constellation.","Launch of 21 Starlink v2 mini satellites, including 13 with direct-to-cell connectivity, to a 559 km (347 mi) orbit at an inclination of 43° to expand internet constellation.",Other,"Launch of 21 Starlink v2 mini satellites, including 13 with direct-to-cell connectivity, to a 559 km (347 mi) orbit at an inclination of 43° to expand internet constellation.","Launch of 21 Starlink v2 mini satellites, including 13 with direct-to-cell connectivity, to a 559 km (347 mi) orbit at an inclination of 43° to expand internet constellation.",Other,"Launch of 21 Starlink v2 mini satellites, including 13 with direct-to-cell connectivity, to a 559 km (347 mi) orbit at an inclination of 43° to expand internet constellation.","Launch of 21 Starlink v2 mini satellites, including 13 with direct-to-cell connectivity, to a 559 km (347 mi) orbit at an inclination of 43° to expand internet constellation.","Launch of 21 Starlink v2 mini satellites, including 13 with direct-to-cell connectivity, to a 559 km (347 mi) orbit at an inclination of 43° to expand internet constellation.",,21.0,0
421,"January 10, 2025 03:53[34]",F9 B5 B1071‑22,VSFB,NROL-153 (22 Starshield satellites)[35],Unknown,LEO,NRO,Success,Success (OCISLY),,6920.564516129032,1
421,Seventh launch of SpaceX/Northrop Grumman-built satellites for the National Reconnaissance Office.,Seventh launch of SpaceX/Northrop Grumman-built satellites for the National Reconnaissance Office.,Other,Seventh launch of SpaceX/Northrop Grumman-built satellites for the National Reconnaissance Office.,Seventh launch of SpaceX/Northrop Grumman-built satellites for the National Reconnaissance Office.,ISS,Seventh launch of SpaceX/Northrop Grumman-built satellites for the National Reconnaissance Office.,Seventh launch of SpaceX/Northrop Grumman-built satellites for the National Reconnaissance Office.,Seventh launch of SpaceX/Northrop Grumman-built satellites for the National Reconnaissance Office.,,6920.564516129032,0
422,"January 10, 2025 19:11[36]",F9 B5 B1067‑25,CCSFS,Starlink: Group 12-12 (21 satellites),"~16,500 kg (36,400 lb)",LEO,SpaceX,Success,Success (JRTI),,16500.0,1
422,"Launch of 21 Starlink v2 mini satellites, including 13 with direct-to-cell connectivity, to a 559 km (347 mi) orbit at an inclination of 43° to expand internet constellation. First booster to fly 25th time, new record.","Launch of 21 Starlink v2 mini satellites, including 13 with direct-to-cell connectivity, to a 559 km (347 mi) orbit at an inclination of 43° to expand internet constellation. First booster to fly 25th time, new record.",Other,"Launch of 21 Starlink v2 mini satellites, including 13 with direct-to-cell connectivity, to a 559 km (347 mi) orbit at an inclination of 43° to expand internet constellation. First booster to fly 25th time, new record.","Launch of 21 Starlink v2 mini satellites, including 13 with direct-to-cell connectivity, to a 559 km (347 mi) orbit at an inclination of 43° to expand internet constellation. First booster to fly 25th time, new record.",Other,"Launch of 21 Starlink v2 mini satellites, including 13 with direct-to-cell connectivity, to a 559 km (347 mi) orbit at an inclination of 43° to expand internet constellation. First booster to fly 25th time, new record.","Launch of 21 Starlink v2 mini satellites, including 13 with direct-to-cell connectivity, to a 559 km (347 mi) orbit at an inclination of 43° to expand internet constellation. First booster to fly 25th time, new record.","Launch of 21 Starlink v2 mini satellites, including 13 with direct-to-cell connectivity, to a 559 km (347 mi) orbit at an inclination of 43° to expand internet constellation. First booster to fly 25th time, new record.",,21.0,0
423,"January 13, 2025 16:47[37]",F9 B5 B1080‑15,CCSFS,Starlink: Group 12-4 (21 satellites),"~16,500 kg (36,400 lb)",LEO,SpaceX,Success,Success (ASOG),,16500.0,1
423,"Launch of 21 Starlink v2 mini satellites, including 13 with direct-to-cell connectivity, to a 559 km (347 mi) orbit at an inclination of 43° to expand internet constellation.","Launch of 21 Starlink v2 mini satellites, including 13 with direct-to-cell connectivity, to a 559 km (347 mi) orbit at an inclination of 43° to expand internet constellation.",Other,"Launch of 21 Starlink v2 mini satellites, including 13 with direct-to-cell connectivity, to a 559 km (347 mi) orbit at an inclination of 43° to expand internet constellation.","Launch of 21 Starlink v2 mini satellites, including 13 with direct-to-cell connectivity, to a 559 km (347 mi) orbit at an inclination of 43° to expand internet constellation.",Other,"Launch of 21 Starlink v2 mini satellites, including 13 with direct-to-cell connectivity, to a 559 km (347 mi) orbit at an inclination of 43° to expand internet constellation.","Launch of 21 Starlink v2 mini satellites, including 13 with direct-to-cell connectivity, to a 559 km (347 mi) orbit at an inclination of 43° to expand internet constellation.","Launch of 21 Starlink v2 mini satellites, including 13 with direct-to-cell connectivity, to a 559 km (347 mi) orbit at an inclination of 43° to expand internet constellation.",,21.0,0
424,"January 14, 2025 19:09[38]",F9 B5 B1088‑2,VSFB,Transporter-12 (131 payload smallsat rideshare),"2,000 kg (4,400 lb)",SSO,Various,Success,Success (LZ‑4),,2000.0,1
424,Dedicated SmallSat Rideshare mission to sun-synchronous orbit.,Dedicated SmallSat Rideshare mission to sun-synchronous orbit.,Other,Dedicated SmallSat Rideshare mission to sun-synchronous orbit.,Dedicated SmallSat Rideshare mission to sun-synchronous orbit.,SSO,Dedicated SmallSat Rideshare mission to sun-synchronous orbit.,Dedicated SmallSat Rideshare mission to sun-synchronous orbit.,Dedicated SmallSat Rideshare mission to sun-synchronous orbit.,,6920.564516129032,0
425,"January 15, 2025 06:11[39]",F9 B5 B1085‑5,KSC,Blue Ghost Mission 1,"2,517 kg (5,549 lb)",TLI,Firefly Aerospace & NASA (CLPS),Success,Success (JRTI),,2517.0,1
425,"January 15, 2025 06:11[39]",F9 B5 B1085‑5,KSC,Hakuto-R Mission 2,"2,517 kg (5,549 lb)",TLI,ispace,Success,Success (JRTI),,2517.0,1
425,"Both Blue Ghost Mission 1[40][41] and Hakuto-R Mission 2 (Resilience lander)[42][43] launched together on a single rocket (first of its kind deep space lander launch). Blue Ghost will carry 10 payloads for NASA's Commercial Lunar Payload Services task order 19D mission and other separately contracted payloads.[44] Resilience is the second lunar lander built by Japanese company ispace and will deliver TENACIOUS mini rover to the lunar surface. To house both landers in the payload fairing, SpaceX used a new dual-launch carrying structure. The upper stage impacted the moon on August 5 2026.[45]","Both Blue Ghost Mission 1[40][41] and Hakuto-R Mission 2 (Resilience lander)[42][43] launched together on a single rocket (first of its kind deep space lander launch). Blue Ghost will carry 10 payloads for NASA's Commercial Lunar Payload Services task order 19D mission and other separately contracted payloads.[44] Resilience is the second lunar lander built by Japanese company ispace and will deliver TENACIOUS mini rover to the lunar surface. To house both landers in the payload fairing, SpaceX used a new dual-launch carrying structure. The upper stage impacted the moon on August 5 2026.[45]",Other,"Both Blue Ghost Mission 1[40][41] and Hakuto-R Mission 2 (Resilience lander)[42][43] launched together on a single rocket (first of its kind deep space lander launch). Blue Ghost will carry 10 payloads for NASA's Commercial Lunar Payload Services task order 19D mission and other separately contracted payloads.[44] Resilience is the second lunar lander built by Japanese company ispace and will deliver TENACIOUS mini rover to the lunar surface. To house both landers in the payload fairing, SpaceX used a new dual-launch carrying structure. The upper stage impacted the moon on August 5 2026.[45]","Both Blue Ghost Mission 1[40][41] and Hakuto-R Mission 2 (Resilience lander)[42][43] launched together on a single rocket (first of its kind deep space lander launch). Blue Ghost will carry 10 payloads for NASA's Commercial Lunar Payload Services task order 19D mission and other separately contracted payloads.[44] Resilience is the second lunar lander built by Japanese company ispace and will deliver TENACIOUS mini rover to the lunar surface. To house both landers in the payload fairing, SpaceX used a new dual-launch carrying structure. The upper stage impacted the moon on August 5 2026.[45]",ISS,"Both Blue Ghost Mission 1[40][41] and Hakuto-R Mission 2 (Resilience lander)[42][43] launched together on a single rocket (first of its kind deep space lander launch). Blue Ghost will carry 10 payloads for NASA's Commercial Lunar Payload Services task order 19D mission and other separately contracted payloads.[44] Resilience is the second lunar lander built by Japanese company ispace and will deliver TENACIOUS mini rover to the lunar surface. To house both landers in the payload fairing, SpaceX used a new dual-launch carrying structure. The upper stage impacted the moon on August 5 2026.[45]","Both Blue Ghost Mission 1[40][41] and Hakuto-R Mission 2 (Resilience lander)[42][43] launched together on a single rocket (first of its kind deep space lander launch). Blue Ghost will carry 10 payloads for NASA's Commercial Lunar Payload Services task order 19D mission and other separately contracted payloads.[44] Resilience is the second lunar lander built by Japanese company ispace and will deliver TENACIOUS mini rover to the lunar surface. To house both landers in the payload fairing, SpaceX used a new dual-launch carrying structure. The upper stage impacted the moon on August 5 2026.[45]","Both Blue Ghost Mission 1[40][41] and Hakuto-R Mission 2 (Resilience lander)[42][43] launched together on a single rocket (first of its kind deep space lander launch). Blue Ghost will carry 10 payloads for NASA's Commercial Lunar Payload Services task order 19D mission and other separately contracted payloads.[44] Resilience is the second lunar lander built by Japanese company ispace and will deliver TENACIOUS mini rover to the lunar surface. To house both landers in the payload fairing, SpaceX used a new dual-launch carrying structure. The upper stage impacted the moon on August 5 2026.[45]",,1.0,0
426,"January 21, 2025 05:24[46]",F9 B5 B1083‑8,KSC,Starlink: Group 13-1 (21 satellites) + 2 Starshield satellites,"~15,300 kg (33,700 lb) (Starlink)",LEO,SpaceX,Success,Success (ASOG),,15300.0,1
426,Launch of 21 Starlink v2 mini satellites to a 559 km (347 mi) orbit at an inclination of 43° to expand internet constellation and two SpaceX Starshield satellites as rideshare.[47] 1st time flying a fairing half for the 24th time.,Launch of 21 Starlink v2 mini satellites to a 559 km (347 mi) orbit at an inclination of 43° to expand internet constellation and two SpaceX Starshield satellites as rideshare.[47] 1st time flying a fairing half for the 24th time.,Other,Launch of 21 Starlink v2 mini satellites to a 559 km (347 mi) orbit at an inclination of 43° to expand internet constellation and two SpaceX Starshield satellites as rideshare.[47] 1st time flying a fairing half for the 24th time.,Launch of 21 Starlink v2 mini satellites to a 559 km (347 mi) orbit at an inclination of 43° to expand internet constellation and two SpaceX Starshield satellites as rideshare.[47] 1st time flying a fairing half for the 24th time.,Other,Launch of 21 Starlink v2 mini satellites to a 559 km (347 mi) orbit at an inclination of 43° to expand internet constellation and two SpaceX Starshield satellites as rideshare.[47] 1st time flying a fairing half for the 24th time.,Launch of 21 Starlink v2 mini satellites to a 559 km (347 mi) orbit at an inclination of 43° to expand internet constellation and two SpaceX Starshield satellites as rideshare.[47] 1st time flying a fairing half for the 24th time.,Launch of 21 Starlink v2 mini satellites to a 559 km (347 mi) orbit at an inclination of 43° to expand internet constellation and two SpaceX Starshield satellites as rideshare.[47] 1st time flying a fairing half for the 24th time.,,21.0,0
427,"January 21, 2025 15:45[48]",F9 B5 B1082‑10,VSFB,Starlink: Group 11-8 (27 satellites),"~15,500 kg (34,200 lb)",LEO,SpaceX,Success,Success (OCISLY),,15500.0,1
427,Launch of 27 Starlink v2 mini optimized satellites to a 535 km (332 mi) orbit at an inclination of 53° to expand internet constellation. Mission marks 400th Falcon booster landing.,Launch of 27 Starlink v2 mini optimized satellites to a 535 km (332 mi) orbit at an inclination of 53° to expand internet constellation. Mission marks 400th Falcon booster landing.,Other,Launch of 27 Starlink v2 mini optimized satellites to a 535 km (332 mi) orbit at an inclination of 53° to expand internet constellation. Mission marks 400th Falcon booster landing.,Launch of 27 Starlink v2 mini optimized satellites to a 535 km (332 mi) orbit at an inclination of 53° to expand internet constellation. Mission marks 400th Falcon booster landing.,ISS,Launch of 27 Starlink v2 mini optimized satellites to a 535 km (332 mi) orbit at an inclination of 53° to expand internet constellation. Mission marks 400th Falcon booster landing.,Launch of 27 Starlink v2 mini optimized satellites to a 535 km (332 mi) orbit at an inclination of 53° to expand internet constellation. Mission marks 400th Falcon booster landing.,Launch of 27 Starlink v2 mini optimized satellites to a 535 km (332 mi) orbit at an inclination of 53° to expand internet constellation. Mission marks 400th Falcon booster landing.,,27.0,0
428,"January 24, 2025 14:07[49]",F9 B5 B1063‑23,VSFB,Starlink: Group 11-6 (23 satellites),"~17,100 kg (37,700 lb)",LEO,SpaceX,Success,Success (OCISLY),,17100.0,1
428,"Launch of 23 Starlink v2 mini satellites to a 535 km (332 mi) orbit at an inclination of 53° to expand internet constellation. With this launch, SpaceX has broken its pad turnaround time record at Space Launch Complex 4 East. Previous record was 3 days, 15 hours, 23 minutes, and 40 seconds, this has now gone down to 2 days, 22 hours, 21 minutes, and 10 seconds.","Launch of 23 Starlink v2 mini satellites to a 535 km (332 mi) orbit at an inclination of 53° to expand internet constellation. With this launch, SpaceX has broken its pad turnaround time record at Space Launch Complex 4 East. Previous record was 3 days, 15 hours, 23 minutes, and 40 seconds, this has now gone down to 2 days, 22 hours, 21 minutes, and 10 seconds.",Other,"Launch of 23 Starlink v2 mini satellites to a 535 km (332 mi) orbit at an inclination of 53° to expand internet constellation. With this launch, SpaceX has broken its pad turnaround time record at Space Launch Complex 4 East. Previous record was 3 days, 15 hours, 23 minutes, and 40 seconds, this has now gone down to 2 days, 22 hours, 21 minutes, and 10 seconds.","Launch of 23 Starlink v2 mini satellites to a 535 km (332 mi) orbit at an inclination of 53° to expand internet constellation. With this launch, SpaceX has broken its pad turnaround time record at Space Launch Complex 4 East. Previous record was 3 days, 15 hours, 23 minutes, and 40 seconds, this has now gone down to 2 days, 22 hours, 21 minutes, and 10 seconds.",Other,"Launch of 23 Starlink v2 mini satellites to a 535 km (332 mi) orbit at an inclination of 53° to expand internet constellation. With this launch, SpaceX has broken its pad turnaround time record at Space Launch Complex 4 East. Previous record was 3 days, 15 hours, 23 minutes, and 40 seconds, this has now gone down to 2 days, 22 hours, 21 minutes, and 10 seconds.","Launch of 23 Starlink v2 mini satellites to a 535 km (332 mi) orbit at an inclination of 53° to expand internet constellation. With this launch, SpaceX has broken its pad turnaround time record at Space Launch Complex 4 East. Previous record was 3 days, 15 hours, 23 minutes, and 40 seconds, this has now gone down to 2 days, 22 hours, 21 minutes, and 10 seconds.","Launch of 23 Starlink v2 mini satellites to a 535 km (332 mi) orbit at an inclination of 53° to expand internet constellation. With this launch, SpaceX has broken its pad turnaround time record at Space Launch Complex 4 East. Previous record was 3 days, 15 hours, 23 minutes, and 40 seconds, this has now gone down to 2 days, 22 hours, 21 minutes, and 10 seconds.",,23.0,0
429,"January 27, 2025 22:05[50]",F9 B5 B1076‑20,CCSFS,Starlink: Group 12-7 (21 satellites),"~16,500 kg (36,400 lb)",LEO,SpaceX,Success,Success (ASOG),,16500.0,1
429,"Launch of 21 Starlink v2 mini satellites, including 13 with direct-to-cell connectivity, to a 559 km (347 mi) orbit at an inclination of 43° to expand internet constellation.","Launch of 21 Starlink v2 mini satellites, including 13 with direct-to-cell connectivity, to a 559 km (347 mi) orbit at an inclination of 43° to expand internet constellation.",Other,"Launch of 21 Starlink v2 mini satellites, including 13 with direct-to-cell connectivity, to a 559 km (347 mi) orbit at an inclination of 43° to expand internet constellation.","Launch of 21 Starlink v2 mini satellites, including 13 with direct-to-cell connectivity, to a 559 km (347 mi) orbit at an inclination of 43° to expand internet constellation.",Other,"Launch of 21 Starlink v2 mini satellites, including 13 with direct-to-cell connectivity, to a 559 km (347 mi) orbit at an inclination of 43° to expand internet constellation.","Launch of 21 Starlink v2 mini satellites, including 13 with direct-to-cell connectivity, to a 559 km (347 mi) orbit at an inclination of 43° to expand internet constellation.","Launch of 21 Starlink v2 mini satellites, including 13 with direct-to-cell connectivity, to a 559 km (347 mi) orbit at an inclination of 43° to expand internet constellation.",,21.0,0
430,"January 30, 2025 01:34[51]",F9 B5 B1073‑21,KSC,Spainsat NG I,"6,100 kg (13,400 lb)[52]",GTO,Hisdesat,Success,No attempt,,6100.0,0
430,Communications satellite built on the Eurostar-Neo platform for the Spanish government.[53] First of two launches for the Spainsat NG program. The booster was expended due to the performance needed to launch the satellite's mass to a geostationary transfer orbit.,Communications satellite built on the Eurostar-Neo platform for the Spanish government.[53] First of two launches for the Spainsat NG program. The booster was expended due to the performance needed to launch the satellite's mass to a geostationary transfer orbit.,Other,Communications satellite built on the Eurostar-Neo platform for the Spanish government.[53] First of two launches for the Spainsat NG program. The booster was expended due to the performance needed to launch the satellite's mass to a geostationary transfer orbit.,Communications satellite built on the Eurostar-Neo platform for the Spanish government.[53] First of two launches for the Spainsat NG program. The booster was expended due to the performance needed to launch the satellite's mass to a geostationary transfer orbit.,GTO,Communications satellite built on the Eurostar-Neo platform for the Spanish government.[53] First of two launches for the Spainsat NG program. The booster was expended due to the performance needed to launch the satellite's mass to a geostationary transfer orbit.,Communications satellite built on the Eurostar-Neo platform for the Spanish government.[53] First of two launches for the Spainsat NG program. The booster was expended due to the performance needed to launch the satellite's mass to a geostationary transfer orbit.,Communications satellite built on the Eurostar-Neo platform for the Spanish government.[53] First of two launches for the Spainsat NG program. The booster was expended due to the performance needed to launch the satellite's mass to a geostationary transfer orbit.,,53.0,0
431,"February 1, 2025 23:02[54]",F9 B5 B1075‑17,VSFB,Starlink: Group 11-4,"~16,700 kg (36,800 lb)",LEO,SpaceX,Success,Success (OCISLY),,16700.0,1
431,"Launch of 22 Starlink v2 mini satellites to a 535 km (332 mi) orbit at an inclination of 53° to expand internet constellation. Even though the second stage was expected to deorbit for a controlled splashdown, the second stage's deorbit burn did not occur, causing it to remain in orbit. This was the third time in six months that a second stage had encountered a problem in flight.[55] The stage made its uncontrolled reentry over Poland between 04:46 and 04:48, local time, on February 19.[56] Several tanks that crashed in the western part of the country were collected by the Polish police.[57]","Launch of 22 Starlink v2 mini satellites to a 535 km (332 mi) orbit at an inclination of 53° to expand internet constellation. Even though the second stage was expected to deorbit for a controlled splashdown, the second stage's deorbit burn did not occur, causing it to remain in orbit. This was the third time in six months that a second stage had encountered a problem in flight.[55] The stage made its uncontrolled reentry over Poland between 04:46 and 04:48, local time, on February 19.[56] Several tanks that crashed in the western part of the country were collected by the Polish police.[57]",Other,"Launch of 22 Starlink v2 mini satellites to a 535 km (332 mi) orbit at an inclination of 53° to expand internet constellation. Even though the second stage was expected to deorbit for a controlled splashdown, the second stage's deorbit burn did not occur, causing it to remain in orbit. This was the third time in six months that a second stage had encountered a problem in flight.[55] The stage made its uncontrolled reentry over Poland between 04:46 and 04:48, local time, on February 19.[56] Several tanks that crashed in the western part of the country were collected by the Polish police.[57]","Launch of 22 Starlink v2 mini satellites to a 535 km (332 mi) orbit at an inclination of 53° to expand internet constellation. Even though the second stage was expected to deorbit for a controlled splashdown, the second stage's deorbit burn did not occur, causing it to remain in orbit. This was the third time in six months that a second stage had encountered a problem in flight.[55] The stage made its uncontrolled reentry over Poland between 04:46 and 04:48, local time, on February 19.[56] Several tanks that crashed in the western part of the country were collected by the Polish police.[57]",PO,"Launch of 22 Starlink v2 mini satellites to a 535 km (332 mi) orbit at an inclination of 53° to expand internet constellation. Even though the second stage was expected to deorbit for a controlled splashdown, the second stage's deorbit burn did not occur, causing it to remain in orbit. This was the third time in six months that a second stage had encountered a problem in flight.[55] The stage made its uncontrolled reentry over Poland between 04:46 and 04:48, local time, on February 19.[56] Several tanks that crashed in the western part of the country were collected by the Polish police.[57]","Launch of 22 Starlink v2 mini satellites to a 535 km (332 mi) orbit at an inclination of 53° to expand internet constellation. Even though the second stage was expected to deorbit for a controlled splashdown, the second stage's deorbit burn did not occur, causing it to remain in orbit. This was the third time in six months that a second stage had encountered a problem in flight.[55] The stage made its uncontrolled reentry over Poland between 04:46 and 04:48, local time, on February 19.[56] Several tanks that crashed in the western part of the country were collected by the Polish police.[57]","Launch of 22 Starlink v2 mini satellites to a 535 km (332 mi) orbit at an inclination of 53° to expand internet constellation. Even though the second stage was expected to deorbit for a controlled splashdown, the second stage's deorbit burn did not occur, causing it to remain in orbit. This was the third time in six months that a second stage had encountered a problem in flight.[55] The stage made its uncontrolled reentry over Poland between 04:46 and 04:48, local time, on February 19.[56] Several tanks that crashed in the western part of the country were collected by the Polish police.[57]",,22.0,0
432,"February 4, 2025 10:15[58]",F9 B5 B1069‑21,CCSFS,Starlink: Group 12-3 (21 satellites),"~16,500 kg (36,400 lb)",LEO,SpaceX,Success,Success (JRTI),,16500.0,1
432,"Launch of 21 Starlink v2 mini satellites, including 13 with direct-to-cell connectivity, to a 559 km (347 mi) orbit at an inclination of 43° to expand internet constellation. 1st time flying a fairing half for the 25th time.","Launch of 21 Starlink v2 mini satellites, including 13 with direct-to-cell connectivity, to a 559 km (347 mi) orbit at an inclination of 43° to expand internet constellation. 1st time flying a fairing half for the 25th time.",Other,"Launch of 21 Starlink v2 mini satellites, including 13 with direct-to-cell connectivity, to a 559 km (347 mi) orbit at an inclination of 43° to expand internet constellation. 1st time flying a fairing half for the 25th time.","Launch of 21 Starlink v2 mini satellites, including 13 with direct-to-cell connectivity, to a 559 km (347 mi) orbit at an inclination of 43° to expand internet constellation. 1st time flying a fairing half for the 25th time.",Other,"Launch of 21 Starlink v2 mini satellites, including 13 with direct-to-cell connectivity, to a 559 km (347 mi) orbit at an inclination of 43° to expand internet constellation. 1st time flying a fairing half for the 25th time.","Launch of 21 Starlink v2 mini satellites, including 13 with direct-to-cell connectivity, to a 559 km (347 mi) orbit at an inclination of 43° to expand internet constellation. 1st time flying a fairing half for the 25th time.","Launch of 21 Starlink v2 mini satellites, including 13 with direct-to-cell connectivity, to a 559 km (347 mi) orbit at an inclination of 43° to expand internet constellation. 1st time flying a fairing half for the 25th time.",,21.0,0
433,"February 4, 2025 23:13[59]",F9 B5 B1086‑4,KSC,WorldView Legion 5 & 6 (2 satellites),"1,500 kg (3,300 lb)",LEO,Maxar Technologies,Success,Success (LZ‑1),,1500.0,1
433,Two earth observation satellites built by Maxar Technologies.[60][61][62] Seventh time a second stage featured Falcon medium coast mission-extension kit.,Two earth observation satellites built by Maxar Technologies.[60][61][62] Seventh time a second stage featured Falcon medium coast mission-extension kit.,Other,Two earth observation satellites built by Maxar Technologies.[60][61][62] Seventh time a second stage featured Falcon medium coast mission-extension kit.,Two earth observation satellites built by Maxar Technologies.[60][61][62] Seventh time a second stage featured Falcon medium coast mission-extension kit.,ISS,Two earth observation satellites built by Maxar Technologies.[60][61][62] Seventh time a second stage featured Falcon medium coast mission-extension kit.,Two earth observation satellites built by Maxar Technologies.[60][61][62] Seventh time a second stage featured Falcon medium coast mission-extension kit.,Two earth observation satellites built by Maxar Technologies.[60][61][62] Seventh time a second stage featured Falcon medium coast mission-extension kit.,,60.0,0
434,"February 8, 2025 19:18[63]",F9 B5 B1078‑17,CCSFS,Starlink: Group 12-9 (21 satellites),"~16,500 kg (36,400 lb)",LEO,SpaceX,Success,Success (ASOG),,16500.0,1
434,"Launch of 21 Starlink v2 mini satellites, including 13 with direct-to-cell connectivity, to a 559 km (347 mi) orbit at an inclination of 43° to expand internet constellation.","Launch of 21 Starlink v2 mini satellites, including 13 with direct-to-cell connectivity, to a 559 km (347 mi) orbit at an inclination of 43° to expand internet constellation.",Other,"Launch of 21 Starlink v2 mini satellites, including 13 with direct-to-cell connectivity, to a 559 km (347 mi) orbit at an inclination of 43° to expand internet constellation.","Launch of 21 Starlink v2 mini satellites, including 13 with direct-to-cell connectivity, to a 559 km (347 mi) orbit at an inclination of 43° to expand internet constellation.",Other,"Launch of 21 Starlink v2 mini satellites, including 13 with direct-to-cell connectivity, to a 559 km (347 mi) orbit at an inclination of 43° to expand internet constellation.","Launch of 21 Starlink v2 mini satellites, including 13 with direct-to-cell connectivity, to a 559 km (347 mi) orbit at an inclination of 43° to expand internet constellation.","Launch of 21 Starlink v2 mini satellites, including 13 with direct-to-cell connectivity, to a 559 km (347 mi) orbit at an inclination of 43° to expand internet constellation.",,21.0,0
435,"February 11, 2025 02:09[64]",F9 B5 B1071‑23,VSFB,Starlink: Group 11-10,"~17,100 kg (37,700 lb)",LEO,SpaceX,Success,Success (OCISLY),,17100.0,1
435,Launch of 23 Starlink v2 mini satellites to a 535 km (332 mi) orbit at an inclination of 53° to expand internet constellation.,Launch of 23 Starlink v2 mini satellites to a 535 km (332 mi) orbit at an inclination of 53° to expand internet constellation.,Other,Launch of 23 Starlink v2 mini satellites to a 535 km (332 mi) orbit at an inclination of 53° to expand internet constellation.,Launch of 23 Starlink v2 mini satellites to a 535 km (332 mi) orbit at an inclination of 53° to expand internet constellation.,Other,Launch of 23 Starlink v2 mini satellites to a 535 km (332 mi) orbit at an inclination of 53° to expand internet constellation.,Launch of 23 Starlink v2 mini satellites to a 535 km (332 mi) orbit at an inclination of 53° to expand internet constellation.,Launch of 23 Starlink v2 mini satellites to a 535 km (332 mi) orbit at an inclination of 53° to expand internet constellation.,,23.0,0
436,"February 11, 2025 18:53[65]",F9 B5 B1077‑18,CCSFS,Starlink: Group 12-18 (21 satellites),"~16,500 kg (36,400 lb)",LEO,SpaceX,Success,Success (JRTI),,16500.0,1
436,"Launch of 21 Starlink v2 mini satellites, including 13 with direct-to-cell connectivity, to a 559 km (347 mi) orbit at an inclination of 43° to expand internet constellation.","Launch of 21 Starlink v2 mini satellites, including 13 with direct-to-cell connectivity, to a 559 km (347 mi) orbit at an inclination of 43° to expand internet constellation.",Other,"Launch of 21 Starlink v2 mini satellites, including 13 with direct-to-cell connectivity, to a 559 km (347 mi) orbit at an inclination of 43° to expand internet constellation.","Launch of 21 Starlink v2 mini satellites, including 13 with direct-to-cell connectivity, to a 559 km (347 mi) orbit at an inclination of 43° to expand internet constellation.",Other,"Launch of 21 Starlink v2 mini satellites, including 13 with direct-to-cell connectivity, to a 559 km (347 mi) orbit at an inclination of 43° to expand internet constellation.","Launch of 21 Starlink v2 mini satellites, including 13 with direct-to-cell connectivity, to a 559 km (347 mi) orbit at an inclination of 43° to expand internet constellation.","Launch of 21 Starlink v2 mini satellites, including 13 with direct-to-cell connectivity, to a 559 km (347 mi) orbit at an inclination of 43° to expand internet constellation.",,21.0,0
437,"February 15, 2025 06:14",F9 B5  B1067‑26,CCSFS,Starlink: Group 12-8,"~16,500 kg (36,400 lb)",LEO,SpaceX,Success,Success (ASOG),,16500.0,1
437,"Launch of 21 Starlink v2 mini satellites, including 13 with direct-to-cell connectivity, to a 559 km (347 mi) orbit at an inclination of 43° to expand internet constellation. First booster to fly and be recovered 26th time, new record. 1st time flying a fairing half for the 26th time. Both surpassed Space Shuttle Endeavour's tally of 25 reflights, now only trailing behind Space Shuttle Atlantis and Space Shuttle Discovery.","Launch of 21 Starlink v2 mini satellites, including 13 with direct-to-cell connectivity, to a 559 km (347 mi) orbit at an inclination of 43° to expand internet constellation. First booster to fly and be recovered 26th time, new record. 1st time flying a fairing half for the 26th time. Both surpassed Space Shuttle Endeavour's tally of 25 reflights, now only trailing behind Space Shuttle Atlantis and Space Shuttle Discovery.",Other,"Launch of 21 Starlink v2 mini satellites, including 13 with direct-to-cell connectivity, to a 559 km (347 mi) orbit at an inclination of 43° to expand internet constellation. First booster to fly and be recovered 26th time, new record. 1st time flying a fairing half for the 26th time. Both surpassed Space Shuttle Endeavour's tally of 25 reflights, now only trailing behind Space Shuttle Atlantis and Space Shuttle Discovery.","Launch of 21 Starlink v2 mini satellites, including 13 with direct-to-cell connectivity, to a 559 km (347 mi) orbit at an inclination of 43° to expand internet constellation. First booster to fly and be recovered 26th time, new record. 1st time flying a fairing half for the 26th time. Both surpassed Space Shuttle Endeavour's tally of 25 reflights, now only trailing behind Space Shuttle Atlantis and Space Shuttle Discovery.",Other,"Launch of 21 Starlink v2 mini satellites, including 13 with direct-to-cell connectivity, to a 559 km (347 mi) orbit at an inclination of 43° to expand internet constellation. First booster to fly and be recovered 26th time, new record. 1st time flying a fairing half for the 26th time. Both surpassed Space Shuttle Endeavour's tally of 25 reflights, now only trailing behind Space Shuttle Atlantis and Space Shuttle Discovery.","Launch of 21 Starlink v2 mini satellites, including 13 with direct-to-cell connectivity, to a 559 km (347 mi) orbit at an inclination of 43° to expand internet constellation. First booster to fly and be recovered 26th time, new record. 1st time flying a fairing half for the 26th time. Both surpassed Space Shuttle Endeavour's tally of 25 reflights, now only trailing behind Space Shuttle Atlantis and Space Shuttle Discovery.","Launch of 21 Starlink v2 mini satellites, including 13 with direct-to-cell connectivity, to a 559 km (347 mi) orbit at an inclination of 43° to expand internet constellation. First booster to fly and be recovered 26th time, new record. 1st time flying a fairing half for the 26th time. Both surpassed Space Shuttle Endeavour's tally of 25 reflights, now only trailing behind Space Shuttle Atlantis and Space Shuttle Discovery.",,21.0,0
438,"February 18, 2025 23:21[66]",F9 B5 B1080‑16,CCSFS,Starlink: Group 10-12 (23 satellites),"~17,100 kg (37,700 lb)",LEO,SpaceX,Success,Success (JRTI),,17100.0,1
438,Launch of 23 Starlink v2 mini satellites to a 559 km (347 mi) orbit at an inclination of 43° to expand internet constellation. First booster landing in waters belonging to another nation (Exuma Sound) as part of an agreement with The Bahamas.,Launch of 23 Starlink v2 mini satellites to a 559 km (347 mi) orbit at an inclination of 43° to expand internet constellation. First booster landing in waters belonging to another nation (Exuma Sound) as part of an agreement with The Bahamas.,Other,Launch of 23 Starlink v2 mini satellites to a 559 km (347 mi) orbit at an inclination of 43° to expand internet constellation. First booster landing in waters belonging to another nation (Exuma Sound) as part of an agreement with The Bahamas.,Launch of 23 Starlink v2 mini satellites to a 559 km (347 mi) orbit at an inclination of 43° to expand internet constellation. First booster landing in waters belonging to another nation (Exuma Sound) as part of an agreement with The Bahamas.,Other,Launch of 23 Starlink v2 mini satellites to a 559 km (347 mi) orbit at an inclination of 43° to expand internet constellation. First booster landing in waters belonging to another nation (Exuma Sound) as part of an agreement with The Bahamas.,Launch of 23 Starlink v2 mini satellites to a 559 km (347 mi) orbit at an inclination of 43° to expand internet constellation. First booster landing in waters belonging to another nation (Exuma Sound) as part of an agreement with The Bahamas.,Launch of 23 Starlink v2 mini satellites to a 559 km (347 mi) orbit at an inclination of 43° to expand internet constellation. First booster landing in waters belonging to another nation (Exuma Sound) as part of an agreement with The Bahamas.,,23.0,0
439,"February 21, 2025 15:19",F9 B5 B1076‑21,CCSFS,Starlink: Group 12-14 (23 satellites),"~17,100 kg (37,700 lb)",LEO,SpaceX,Success,Success (ASOG),,17100.0,1
439,"Launch of 23 Starlink v2 mini satellites, including 13 with direct-to-cell connectivity, to a 559 km (347 mi) orbit at an inclination of 43° to expand internet constellation.","Launch of 23 Starlink v2 mini satellites, including 13 with direct-to-cell connectivity, to a 559 km (347 mi) orbit at an inclination of 43° to expand internet constellation.",Other,"Launch of 23 Starlink v2 mini satellites, including 13 with direct-to-cell connectivity, to a 559 km (347 mi) orbit at an inclination of 43° to expand internet constellation.","Launch of 23 Starlink v2 mini satellites, including 13 with direct-to-cell connectivity, to a 559 km (347 mi) orbit at an inclination of 43° to expand internet constellation.",Other,"Launch of 23 Starlink v2 mini satellites, including 13 with direct-to-cell connectivity, to a 559 km (347 mi) orbit at an inclination of 43° to expand internet constellation.","Launch of 23 Starlink v2 mini satellites, including 13 with direct-to-cell connectivity, to a 559 km (347 mi) orbit at an inclination of 43° to expand internet constellation.","Launch of 23 Starlink v2 mini satellites, including 13 with direct-to-cell connectivity, to a 559 km (347 mi) orbit at an inclination of 43° to expand internet constellation.",,23.0,0
440,"February 23, 2025 01:38",F9 B5 B1082‑11,VSFB,Starlink: Group 15-1 (22 satellites),"~16,800 kg (37,000 lb)",LEO,SpaceX,Success,Success (OCISLY),,16800.0,1
440,Launch of 22 Starlink v2 mini satellites to a 70° inclination orbit to expand internet constellation.,Launch of 22 Starlink v2 mini satellites to a 70° inclination orbit to expand internet constellation.,Other,Launch of 22 Starlink v2 mini satellites to a 70° inclination orbit to expand internet constellation.,Launch of 22 Starlink v2 mini satellites to a 70° inclination orbit to expand internet constellation.,Other,Launch of 22 Starlink v2 mini satellites to a 70° inclination orbit to expand internet constellation.,Launch of 22 Starlink v2 mini satellites to a 70° inclination orbit to expand internet constellation.,Launch of 22 Starlink v2 mini satellites to a 70° inclination orbit to expand internet constellation.,,22.0,0
441,"February 27, 2025 00:16[67]",F9 B5 B1083‑9,KSC,"IM-2 Nova-C ""Athena"" lunar lander Lunar Trailblazer Brokkr-2 Odin[69] Chimera-1 TBD",Unknown,TLI,NASA (CLPS) Intuitive Machines AstroForge Epic Aerospace TBD,Success,Success (ASOG),,6920.564516129032,1
441,"IM-2 South Pole Mission, flying the second Nova-C lunar lander.[70] The Polar Resources Ice Mining Experiment 1 (PRIME-1) payload will be delivered to the lunar south pole near Shackleton Crater for the CLPS program.[71] Odin will travel to near Earth asteroid 2022 OB5. Two Geostationary satellites are undisclosed. 100th booster landing on ASOG.","IM-2 South Pole Mission, flying the second Nova-C lunar lander.[70] The Polar Resources Ice Mining Experiment 1 (PRIME-1) payload will be delivered to the lunar south pole near Shackleton Crater for the CLPS program.[71] Odin will travel to near Earth asteroid 2022 OB5. Two Geostationary satellites are undisclosed. 100th booster landing on ASOG.",Other,"IM-2 South Pole Mission, flying the second Nova-C lunar lander.[70] The Polar Resources Ice Mining Experiment 1 (PRIME-1) payload will be delivered to the lunar south pole near Shackleton Crater for the CLPS program.[71] Odin will travel to near Earth asteroid 2022 OB5. Two Geostationary satellites are undisclosed. 100th booster landing on ASOG.","IM-2 South Pole Mission, flying the second Nova-C lunar lander.[70] The Polar Resources Ice Mining Experiment 1 (PRIME-1) payload will be delivered to the lunar south pole near Shackleton Crater for the CLPS program.[71] Odin will travel to near Earth asteroid 2022 OB5. Two Geostationary satellites are undisclosed. 100th booster landing on ASOG.",GTO,"IM-2 South Pole Mission, flying the second Nova-C lunar lander.[70] The Polar Resources Ice Mining Experiment 1 (PRIME-1) payload will be delivered to the lunar south pole near Shackleton Crater for the CLPS program.[71] Odin will travel to near Earth asteroid 2022 OB5. Two Geostationary satellites are undisclosed. 100th booster landing on ASOG.","IM-2 South Pole Mission, flying the second Nova-C lunar lander.[70] The Polar Resources Ice Mining Experiment 1 (PRIME-1) payload will be delivered to the lunar south pole near Shackleton Crater for the CLPS program.[71] Odin will travel to near Earth asteroid 2022 OB5. Two Geostationary satellites are undisclosed. 100th booster landing on ASOG.","IM-2 South Pole Mission, flying the second Nova-C lunar lander.[70] The Polar Resources Ice Mining Experiment 1 (PRIME-1) payload will be delivered to the lunar south pole near Shackleton Crater for the CLPS program.[71] Odin will travel to near Earth asteroid 2022 OB5. Two Geostationary satellites are undisclosed. 100th booster landing on ASOG.",,2.0,0
442,"February 27, 2025 03:34",F9 B5 B1092‑1[72],CCSFS,Starlink: Group 12-13 (21 satellites),"~16,500 kg (36,400 lb)",LEO,SpaceX,Success,Success (JRTI),,16500.0,1
442,"Launch of 21 Starlink v2 mini satellites, including 13 with direct-to-cell connectivity, to a 559 km (347 mi) orbit at an inclination of 43° to expand internet constellation. Initially, there was some uncertainty on whether booster B1092 was used or a different booster was used,[72] as according to SpaceX it was the booster's first flight, but was confirmed in the coming days.[73] 1st time flying a fairing half for the 27th time.","Launch of 21 Starlink v2 mini satellites, including 13 with direct-to-cell connectivity, to a 559 km (347 mi) orbit at an inclination of 43° to expand internet constellation. Initially, there was some uncertainty on whether booster B1092 was used or a different booster was used,[72] as according to SpaceX it was the booster's first flight, but was confirmed in the coming days.[73] 1st time flying a fairing half for the 27th time.",Other,"Launch of 21 Starlink v2 mini satellites, including 13 with direct-to-cell connectivity, to a 559 km (347 mi) orbit at an inclination of 43° to expand internet constellation. Initially, there was some uncertainty on whether booster B1092 was used or a different booster was used,[72] as according to SpaceX it was the booster's first flight, but was confirmed in the coming days.[73] 1st time flying a fairing half for the 27th time.","Launch of 21 Starlink v2 mini satellites, including 13 with direct-to-cell connectivity, to a 559 km (347 mi) orbit at an inclination of 43° to expand internet constellation. Initially, there was some uncertainty on whether booster B1092 was used or a different booster was used,[72] as according to SpaceX it was the booster's first flight, but was confirmed in the coming days.[73] 1st time flying a fairing half for the 27th time.",Other,"Launch of 21 Starlink v2 mini satellites, including 13 with direct-to-cell connectivity, to a 559 km (347 mi) orbit at an inclination of 43° to expand internet constellation. Initially, there was some uncertainty on whether booster B1092 was used or a different booster was used,[72] as according to SpaceX it was the booster's first flight, but was confirmed in the coming days.[73] 1st time flying a fairing half for the 27th time.","Launch of 21 Starlink v2 mini satellites, including 13 with direct-to-cell connectivity, to a 559 km (347 mi) orbit at an inclination of 43° to expand internet constellation. Initially, there was some uncertainty on whether booster B1092 was used or a different booster was used,[72] as according to SpaceX it was the booster's first flight, but was confirmed in the coming days.[73] 1st time flying a fairing half for the 27th time.","Launch of 21 Starlink v2 mini satellites, including 13 with direct-to-cell connectivity, to a 559 km (347 mi) orbit at an inclination of 43° to expand internet constellation. Initially, there was some uncertainty on whether booster B1092 was used or a different booster was used,[72] as according to SpaceX it was the booster's first flight, but was confirmed in the coming days.[73] 1st time flying a fairing half for the 27th time.",,21.0,0
443,"March 3, 2025 02:24[74]",F9 B5 B1086‑5,CCSFS,Starlink: Group 12-20 (21 satellites),"~16,500 kg (36,400 lb)",LEO,SpaceX,Success,Failure (JRTI),,16500.0,0
443,"Launch of 21 Starlink v2 mini satellites, including 13 with direct-to-cell connectivity, to a 559 km (347 mi) orbit at an inclination of 43° to expand internet constellation. A fuel leak started in one of the nine Merlin engines in the first stage 85 seconds after liftoff. However, because of the altitude of the rocket, there was no oxygen to ignite the fuel, allowing the first stage to completed its ascent without issue. However, 45 seconds after the booster landed, enough oxygen had entered the engine compartment where the leak occurred, creating a large fire. The fire resulted in the structural failure of one of the landing legs, leading to the booster tipping over and being destroyed.[75] SpaceX voluntarily paused launches for more than a week as it investigated the issue.[76]","Launch of 21 Starlink v2 mini satellites, including 13 with direct-to-cell connectivity, to a 559 km (347 mi) orbit at an inclination of 43° to expand internet constellation. A fuel leak started in one of the nine Merlin engines in the first stage 85 seconds after liftoff. However, because of the altitude of the rocket, there was no oxygen to ignite the fuel, allowing the first stage to completed its ascent without issue. However, 45 seconds after the booster landed, enough oxygen had entered the engine compartment where the leak occurred, creating a large fire. The fire resulted in the structural failure of one of the landing legs, leading to the booster tipping over and being destroyed.[75] SpaceX voluntarily paused launches for more than a week as it investigated the issue.[76]",Other,"Launch of 21 Starlink v2 mini satellites, including 13 with direct-to-cell connectivity, to a 559 km (347 mi) orbit at an inclination of 43° to expand internet constellation. A fuel leak started in one of the nine Merlin engines in the first stage 85 seconds after liftoff. However, because of the altitude of the rocket, there was no oxygen to ignite the fuel, allowing the first stage to completed its ascent without issue. However, 45 seconds after the booster landed, enough oxygen had entered the engine compartment where the leak occurred, creating a large fire. The fire resulted in the structural failure of one of the landing legs, leading to the booster tipping over and being destroyed.[75] SpaceX voluntarily paused launches for more than a week as it investigated the issue.[76]","Launch of 21 Starlink v2 mini satellites, including 13 with direct-to-cell connectivity, to a 559 km (347 mi) orbit at an inclination of 43° to expand internet constellation. A fuel leak started in one of the nine Merlin engines in the first stage 85 seconds after liftoff. However, because of the altitude of the rocket, there was no oxygen to ignite the fuel, allowing the first stage to completed its ascent without issue. However, 45 seconds after the booster landed, enough oxygen had entered the engine compartment where the leak occurred, creating a large fire. The fire resulted in the structural failure of one of the landing legs, leading to the booster tipping over and being destroyed.[75] SpaceX voluntarily paused launches for more than a week as it investigated the issue.[76]",ISS,"Launch of 21 Starlink v2 mini satellites, including 13 with direct-to-cell connectivity, to a 559 km (347 mi) orbit at an inclination of 43° to expand internet constellation. A fuel leak started in one of the nine Merlin engines in the first stage 85 seconds after liftoff. However, because of the altitude of the rocket, there was no oxygen to ignite the fuel, allowing the first stage to completed its ascent without issue. However, 45 seconds after the booster landed, enough oxygen had entered the engine compartment where the leak occurred, creating a large fire. The fire resulted in the structural failure of one of the landing legs, leading to the booster tipping over and being destroyed.[75] SpaceX voluntarily paused launches for more than a week as it investigated the issue.[76]","Launch of 21 Starlink v2 mini satellites, including 13 with direct-to-cell connectivity, to a 559 km (347 mi) orbit at an inclination of 43° to expand internet constellation. A fuel leak started in one of the nine Merlin engines in the first stage 85 seconds after liftoff. However, because of the altitude of the rocket, there was no oxygen to ignite the fuel, allowing the first stage to completed its ascent without issue. However, 45 seconds after the booster landed, enough oxygen had entered the engine compartment where the leak occurred, creating a large fire. The fire resulted in the structural failure of one of the landing legs, leading to the booster tipping over and being destroyed.[75] SpaceX voluntarily paused launches for more than a week as it investigated the issue.[76]","Launch of 21 Starlink v2 mini satellites, including 13 with direct-to-cell connectivity, to a 559 km (347 mi) orbit at an inclination of 43° to expand internet constellation. A fuel leak started in one of the nine Merlin engines in the first stage 85 seconds after liftoff. However, because of the altitude of the rocket, there was no oxygen to ignite the fuel, allowing the first stage to completed its ascent without issue. However, 45 seconds after the booster landed, enough oxygen had entered the engine compartment where the leak occurred, creating a large fire. The fire resulted in the structural failure of one of the landing legs, leading to the booster tipping over and being destroyed.[75] SpaceX voluntarily paused launches for more than a week as it investigated the issue.[76]",,21.0,0
444,"March 12, 2025 03:10[77]",F9 B5 B1088‑3,VSFB,SPHEREx PUNCH[78],"758 kg (1,671 lb)",SSO,NASA,Success,Success (LZ‑4),,758.0,1
444,"SPHEREx is a NASA space observatory that will measure the near-infrared spectra of galaxies. PUNCH is a constellation of four microsatellites to study the Sun's corona and heliosphere, launched as a rideshare.","SPHEREx is a NASA space observatory that will measure the near-infrared spectra of galaxies. PUNCH is a constellation of four microsatellites to study the Sun's corona and heliosphere, launched as a rideshare.",Other,"SPHEREx is a NASA space observatory that will measure the near-infrared spectra of galaxies. PUNCH is a constellation of four microsatellites to study the Sun's corona and heliosphere, launched as a rideshare.","SPHEREx is a NASA space observatory that will measure the near-infrared spectra of galaxies. PUNCH is a constellation of four microsatellites to study the Sun's corona and heliosphere, launched as a rideshare.",SSO,"SPHEREx is a NASA space observatory that will measure the near-infrared spectra of galaxies. PUNCH is a constellation of four microsatellites to study the Sun's corona and heliosphere, launched as a rideshare.","SPHEREx is a NASA space observatory that will measure the near-infrared spectra of galaxies. PUNCH is a constellation of four microsatellites to study the Sun's corona and heliosphere, launched as a rideshare.","SPHEREx is a NASA space observatory that will measure the near-infrared spectra of galaxies. PUNCH is a constellation of four microsatellites to study the Sun's corona and heliosphere, launched as a rideshare.",,6920.564516129032,0
445,"March 13, 2025 02:35[79]",F9 B5 B1069‑22,CCSFS,Starlink: Group 12-21,"~16,500 kg (36,400 lb)",LEO,SpaceX,Success,Success (ASOG),,16500.0,1
445,"Launch of 21 Starlink v2 mini satellites, including 13 with direct-to-cell connectivity, to a 559 km (347 mi) orbit at an inclination of 43° to expand internet constellation.","Launch of 21 Starlink v2 mini satellites, including 13 with direct-to-cell connectivity, to a 559 km (347 mi) orbit at an inclination of 43° to expand internet constellation.",Other,"Launch of 21 Starlink v2 mini satellites, including 13 with direct-to-cell connectivity, to a 559 km (347 mi) orbit at an inclination of 43° to expand internet constellation.","Launch of 21 Starlink v2 mini satellites, including 13 with direct-to-cell connectivity, to a 559 km (347 mi) orbit at an inclination of 43° to expand internet constellation.",Other,"Launch of 21 Starlink v2 mini satellites, including 13 with direct-to-cell connectivity, to a 559 km (347 mi) orbit at an inclination of 43° to expand internet constellation.","Launch of 21 Starlink v2 mini satellites, including 13 with direct-to-cell connectivity, to a 559 km (347 mi) orbit at an inclination of 43° to expand internet constellation.","Launch of 21 Starlink v2 mini satellites, including 13 with direct-to-cell connectivity, to a 559 km (347 mi) orbit at an inclination of 43° to expand internet constellation.",,21.0,0
446,"March 14, 2025 23:03[80]",F9 B5 B1090‑2,KSC,Crew-10 (Crew Dragon C210-4 Endurance),"~13,000 kg (29,000 lb)",LEO,NASA (CCP),Success,Success (LZ‑1),,13000.0,1
446,Ferried four Expedition 72 / 73 crew members to the ISS for a long-duration mission.,Ferried four Expedition 72 / 73 crew members to the ISS for a long-duration mission.,Other,Ferried four Expedition 72 / 73 crew members to the ISS for a long-duration mission.,Ferried four Expedition 72 / 73 crew members to the ISS for a long-duration mission.,ISS,Ferried four Expedition 72 / 73 crew members to the ISS for a long-duration mission.,Ferried four Expedition 72 / 73 crew members to the ISS for a long-duration mission.,Ferried four Expedition 72 / 73 crew members to the ISS for a long-duration mission.,,72.0,0
447,"March 15, 2025 06:43[81]",F9 B5 B1081‑13,VSFB,Transporter-13 (74 payload smallsat rideshare)[82],Unknown[k],SSO,Various,Success,Success (LZ‑4),,6920.564516129032,1
447,Dedicated SmallSat rideshare mission to sun-synchronous orbit.,Dedicated SmallSat rideshare mission to sun-synchronous orbit.,Other,Dedicated SmallSat rideshare mission to sun-synchronous orbit.,Dedicated SmallSat rideshare mission to sun-synchronous orbit.,SSO,Dedicated SmallSat rideshare mission to sun-synchronous orbit.,Dedicated SmallSat rideshare mission to sun-synchronous orbit.,Dedicated SmallSat rideshare mission to sun-synchronous orbit.,,6920.564516129032,0
448,"March 15, 2025 11:35[83]",F9 B5 B1078‑18,CCSFS,Starlink: Group 12-16,"~17,100 kg (37,700 lb)",LEO,SpaceX,Success,Success (JRTI),,17100.0,1
448,"Launch of 23 Starlink v2 mini satellites, including 13 with direct-to-cell connectivity, to a 559 km (347 mi) orbit at an inclination of 43° to expand internet constellation.","Launch of 23 Starlink v2 mini satellites, including 13 with direct-to-cell connectivity, to a 559 km (347 mi) orbit at an inclination of 43° to expand internet constellation.",Other,"Launch of 23 Starlink v2 mini satellites, including 13 with direct-to-cell connectivity, to a 559 km (347 mi) orbit at an inclination of 43° to expand internet constellation.","Launch of 23 Starlink v2 mini satellites, including 13 with direct-to-cell connectivity, to a 559 km (347 mi) orbit at an inclination of 43° to expand internet constellation.",Other,"Launch of 23 Starlink v2 mini satellites, including 13 with direct-to-cell connectivity, to a 559 km (347 mi) orbit at an inclination of 43° to expand internet constellation.","Launch of 23 Starlink v2 mini satellites, including 13 with direct-to-cell connectivity, to a 559 km (347 mi) orbit at an inclination of 43° to expand internet constellation.","Launch of 23 Starlink v2 mini satellites, including 13 with direct-to-cell connectivity, to a 559 km (347 mi) orbit at an inclination of 43° to expand internet constellation.",,23.0,0
449,"March 18, 2025 19:57[84]",F9 B5 B1077‑19,CCSFS,Starlink: Group 12-25,"~17,100 kg (37,700 lb)",LEO,SpaceX,Success,Success (ASOG),,17100.0,1
449,"Launch of 23 Starlink v2 mini satellites, including 13 with direct-to-cell connectivity, to a 559 km (347 mi) orbit at an inclination of 43° to expand internet constellation. 1st time flying a fairing half for the 28th time.","Launch of 23 Starlink v2 mini satellites, including 13 with direct-to-cell connectivity, to a 559 km (347 mi) orbit at an inclination of 43° to expand internet constellation. 1st time flying a fairing half for the 28th time.",Other,"Launch of 23 Starlink v2 mini satellites, including 13 with direct-to-cell connectivity, to a 559 km (347 mi) orbit at an inclination of 43° to expand internet constellation. 1st time flying a fairing half for the 28th time.","Launch of 23 Starlink v2 mini satellites, including 13 with direct-to-cell connectivity, to a 559 km (347 mi) orbit at an inclination of 43° to expand internet constellation. 1st time flying a fairing half for the 28th time.",Other,"Launch of 23 Starlink v2 mini satellites, including 13 with direct-to-cell connectivity, to a 559 km (347 mi) orbit at an inclination of 43° to expand internet constellation. 1st time flying a fairing half for the 28th time.","Launch of 23 Starlink v2 mini satellites, including 13 with direct-to-cell connectivity, to a 559 km (347 mi) orbit at an inclination of 43° to expand internet constellation. 1st time flying a fairing half for the 28th time.","Launch of 23 Starlink v2 mini satellites, including 13 with direct-to-cell connectivity, to a 559 km (347 mi) orbit at an inclination of 43° to expand internet constellation. 1st time flying a fairing half for the 28th time.",,23.0,0
450,"March 21, 2025 06:49[85]",F9 B5 B1088‑4,VSFB,NROL-57 (~11 Starshield satellites),Unknown,LEO,NRO,Success,Success (LZ‑4),,6920.564516129032,1
450,"Eighth launch of SpaceX/Northrop Grumman-built satellites for the National Reconnaissance Office. Based on the number of gaps in the catalog it appears that this launch only deployed 11 payloads, likely indicating a larger Starshield version. This mission marks the shortest turnaround time for any Falcon booster at 9 days, 3 hours, 39 minutes and 28 seconds.","Eighth launch of SpaceX/Northrop Grumman-built satellites for the National Reconnaissance Office. Based on the number of gaps in the catalog it appears that this launch only deployed 11 payloads, likely indicating a larger Starshield version. This mission marks the shortest turnaround time for any Falcon booster at 9 days, 3 hours, 39 minutes and 28 seconds.",Other,"Eighth launch of SpaceX/Northrop Grumman-built satellites for the National Reconnaissance Office. Based on the number of gaps in the catalog it appears that this launch only deployed 11 payloads, likely indicating a larger Starshield version. This mission marks the shortest turnaround time for any Falcon booster at 9 days, 3 hours, 39 minutes and 28 seconds.","Eighth launch of SpaceX/Northrop Grumman-built satellites for the National Reconnaissance Office. Based on the number of gaps in the catalog it appears that this launch only deployed 11 payloads, likely indicating a larger Starshield version. This mission marks the shortest turnaround time for any Falcon booster at 9 days, 3 hours, 39 minutes and 28 seconds.",ISS,"Eighth launch of SpaceX/Northrop Grumman-built satellites for the National Reconnaissance Office. Based on the number of gaps in the catalog it appears that this launch only deployed 11 payloads, likely indicating a larger Starshield version. This mission marks the shortest turnaround time for any Falcon booster at 9 days, 3 hours, 39 minutes and 28 seconds.","Eighth launch of SpaceX/Northrop Grumman-built satellites for the National Reconnaissance Office. Based on the number of gaps in the catalog it appears that this launch only deployed 11 payloads, likely indicating a larger Starshield version. This mission marks the shortest turnaround time for any Falcon booster at 9 days, 3 hours, 39 minutes and 28 seconds.","Eighth launch of SpaceX/Northrop Grumman-built satellites for the National Reconnaissance Office. Based on the number of gaps in the catalog it appears that this launch only deployed 11 payloads, likely indicating a larger Starshield version. This mission marks the shortest turnaround time for any Falcon booster at 9 days, 3 hours, 39 minutes and 28 seconds.",,11.0,0
451,"March 24, 2025 17:48[86]",F9 B5 B1092‑2,CCSFS,NROL-69,Unknown,LEO,USSF,Success,Success (LZ‑1),,6920.564516129032,1
451,Presumed to be an Intruder-class signals intelligence satellite.[87],Presumed to be an Intruder-class signals intelligence satellite.[87],Other,Presumed to be an Intruder-class signals intelligence satellite.[87],Presumed to be an Intruder-class signals intelligence satellite.[87],Other,Presumed to be an Intruder-class signals intelligence satellite.[87],Presumed to be an Intruder-class signals intelligence satellite.[87],Presumed to be an Intruder-class signals intelligence satellite.[87],,87.0,0
452,"March 26, 2025 22:11[88]",F9 B5 B1063‑24,VSFB,Starlink: Group 11-7,"~15,500 kg (34,200 lb)",LEO,SpaceX,Success,Success (OCISLY),,15500.0,1
452,Launch of 27 Starlink v2 mini optimized satellites to a 535 km (332 mi) orbit at an inclination of 53° to expand internet constellation.,Launch of 27 Starlink v2 mini optimized satellites to a 535 km (332 mi) orbit at an inclination of 53° to expand internet constellation.,Other,Launch of 27 Starlink v2 mini optimized satellites to a 535 km (332 mi) orbit at an inclination of 53° to expand internet constellation.,Launch of 27 Starlink v2 mini optimized satellites to a 535 km (332 mi) orbit at an inclination of 53° to expand internet constellation.,Other,Launch of 27 Starlink v2 mini optimized satellites to a 535 km (332 mi) orbit at an inclination of 53° to expand internet constellation.,Launch of 27 Starlink v2 mini optimized satellites to a 535 km (332 mi) orbit at an inclination of 53° to expand internet constellation.,Launch of 27 Starlink v2 mini optimized satellites to a 535 km (332 mi) orbit at an inclination of 53° to expand internet constellation.,,27.0,0
453,"March 31, 2025 19:52[89]",F9 B5 B1080‑17,CCSFS,Starlink: Group 6-80,"~16,100 kg (35,500 lb)",LEO,SpaceX,Success,Success (JRTI),,16100.0,1
453,Launch of 28 Starlink v2 mini optimized satellites to a 559 km (347 mi) orbit at an inclination of 43° to expand internet constellation.,Launch of 28 Starlink v2 mini optimized satellites to a 559 km (347 mi) orbit at an inclination of 43° to expand internet constellation.,Other,Launch of 28 Starlink v2 mini optimized satellites to a 559 km (347 mi) orbit at an inclination of 43° to expand internet constellation.,Launch of 28 Starlink v2 mini optimized satellites to a 559 km (347 mi) orbit at an inclination of 43° to expand internet constellation.,Other,Launch of 28 Starlink v2 mini optimized satellites to a 559 km (347 mi) orbit at an inclination of 43° to expand internet constellation.,Launch of 28 Starlink v2 mini optimized satellites to a 559 km (347 mi) orbit at an inclination of 43° to expand internet constellation.,Launch of 28 Starlink v2 mini optimized satellites to a 559 km (347 mi) orbit at an inclination of 43° to expand internet constellation.,,28.0,0
454,"April 1, 2025 01:46[90]",F9 B5 B1085‑6,KSC,Fram2 (Crew Dragon C207-4 Resilience),"~13,000 kg (29,000 lb)",PO,Chun Wang,Success,Success (ASOG),,13000.0,1
454,First ever crewed mission launched into polar orbit.[91][92],First ever crewed mission launched into polar orbit.[91][92],Other,First ever crewed mission launched into polar orbit.[91][92],First ever crewed mission launched into polar orbit.[91][92],PO,First ever crewed mission launched into polar orbit.[91][92],First ever crewed mission launched into polar orbit.[91][92],First ever crewed mission launched into polar orbit.[91][92],,91.0,0
455,"April 4, 2025 01:02[93]",F9 B5 B1088‑5,VSFB,Starlink: Group 11-13,"~15,500 kg (34,200 lb)",LEO,SpaceX,Success,Success (OCISLY),,15500.0,1
455,Launch of 27 Starlink v2 mini optimized satellites to a 535 km (332 mi) orbit at an inclination of 53° to expand internet constellation.,Launch of 27 Starlink v2 mini optimized satellites to a 535 km (332 mi) orbit at an inclination of 53° to expand internet constellation.,Other,Launch of 27 Starlink v2 mini optimized satellites to a 535 km (332 mi) orbit at an inclination of 53° to expand internet constellation.,Launch of 27 Starlink v2 mini optimized satellites to a 535 km (332 mi) orbit at an inclination of 53° to expand internet constellation.,Other,Launch of 27 Starlink v2 mini optimized satellites to a 535 km (332 mi) orbit at an inclination of 53° to expand internet constellation.,Launch of 27 Starlink v2 mini optimized satellites to a 535 km (332 mi) orbit at an inclination of 53° to expand internet constellation.,Launch of 27 Starlink v2 mini optimized satellites to a 535 km (332 mi) orbit at an inclination of 53° to expand internet constellation.,,27.0,0
456,"April 6, 2025 03:07[94]",F9 B5 B1078‑19,CCSFS,Starlink: Group 6-72,"~16,100 kg (35,500 lb)",LEO,SpaceX,Success,Success (JRTI),,16100.0,1
456,Launch of 28 Starlink v2 mini optimized satellites to a 559 km (347 mi) orbit at an inclination of 43° to expand internet constellation.,Launch of 28 Starlink v2 mini optimized satellites to a 559 km (347 mi) orbit at an inclination of 43° to expand internet constellation.,Other,Launch of 28 Starlink v2 mini optimized satellites to a 559 km (347 mi) orbit at an inclination of 43° to expand internet constellation.,Launch of 28 Starlink v2 mini optimized satellites to a 559 km (347 mi) orbit at an inclination of 43° to expand internet constellation.,Other,Launch of 28 Starlink v2 mini optimized satellites to a 559 km (347 mi) orbit at an inclination of 43° to expand internet constellation.,Launch of 28 Starlink v2 mini optimized satellites to a 559 km (347 mi) orbit at an inclination of 43° to expand internet constellation.,Launch of 28 Starlink v2 mini optimized satellites to a 559 km (347 mi) orbit at an inclination of 43° to expand internet constellation.,,28.0,0
457,"April 7, 2025 23:06[95]",F9 B5 B1093‑1,VSFB,Starlink: Group 11-11,"~15,500 kg (34,200 lb)",LEO,SpaceX,Success,Success (OCISLY),,15500.0,1
457,"Launch of 27 Starlink v2 mini satellites, to a 535 km (332 mi) orbit at an inclination of 53° to expand internet constellation.","Launch of 27 Starlink v2 mini satellites, to a 535 km (332 mi) orbit at an inclination of 53° to expand internet constellation.",Other,"Launch of 27 Starlink v2 mini satellites, to a 535 km (332 mi) orbit at an inclination of 53° to expand internet constellation.","Launch of 27 Starlink v2 mini satellites, to a 535 km (332 mi) orbit at an inclination of 53° to expand internet constellation.",Other,"Launch of 27 Starlink v2 mini satellites, to a 535 km (332 mi) orbit at an inclination of 53° to expand internet constellation.","Launch of 27 Starlink v2 mini satellites, to a 535 km (332 mi) orbit at an inclination of 53° to expand internet constellation.","Launch of 27 Starlink v2 mini satellites, to a 535 km (332 mi) orbit at an inclination of 53° to expand internet constellation.",,27.0,0
458,"April 12, 2025 12:25[96]",F9 B5 B1071‑24,VSFB,NROL-192 (22 Starshield satellites),Unknown,LEO,NRO,Success,Success (OCISLY),,6920.564516129032,1
458,Ninth launch of SpaceX/Northrop Grumman-built satellites for the National Reconnaissance Office.[87],Ninth launch of SpaceX/Northrop Grumman-built satellites for the National Reconnaissance Office.[87],Other,Ninth launch of SpaceX/Northrop Grumman-built satellites for the National Reconnaissance Office.[87],Ninth launch of SpaceX/Northrop Grumman-built satellites for the National Reconnaissance Office.[87],ISS,Ninth launch of SpaceX/Northrop Grumman-built satellites for the National Reconnaissance Office.[87],Ninth launch of SpaceX/Northrop Grumman-built satellites for the National Reconnaissance Office.[87],Ninth launch of SpaceX/Northrop Grumman-built satellites for the National Reconnaissance Office.[87],,87.0,0
459,"April 13, 2025 00:53[97]",F9 B5 B1083‑10,KSC,Starlink: Group 12-17,"~16,500 kg (36,400 lb)",LEO,SpaceX,Success,Success (ASOG),,16500.0,1
459,"Launch of 21 Starlink v2 mini satellites, including 13 with direct-to-cell connectivity, to a 559 km (347 mi) orbit at an inclination of 43° to expand internet constellation.","Launch of 21 Starlink v2 mini satellites, including 13 with direct-to-cell connectivity, to a 559 km (347 mi) orbit at an inclination of 43° to expand internet constellation.",Other,"Launch of 21 Starlink v2 mini satellites, including 13 with direct-to-cell connectivity, to a 559 km (347 mi) orbit at an inclination of 43° to expand internet constellation.","Launch of 21 Starlink v2 mini satellites, including 13 with direct-to-cell connectivity, to a 559 km (347 mi) orbit at an inclination of 43° to expand internet constellation.",Other,"Launch of 21 Starlink v2 mini satellites, including 13 with direct-to-cell connectivity, to a 559 km (347 mi) orbit at an inclination of 43° to expand internet constellation.","Launch of 21 Starlink v2 mini satellites, including 13 with direct-to-cell connectivity, to a 559 km (347 mi) orbit at an inclination of 43° to expand internet constellation.","Launch of 21 Starlink v2 mini satellites, including 13 with direct-to-cell connectivity, to a 559 km (347 mi) orbit at an inclination of 43° to expand internet constellation.",,21.0,0
460,"April 14, 2025 04:00[98]",F9 B5 B1067‑27,CCSFS,Starlink: Group 6-73,"~15,500 kg (34,200 lb)",LEO,SpaceX,Success,Success (JRTI),,15500.0,1
460,"Launch of 27 Starlink v2 mini optimized satellites to a 559 km (347 mi) orbit at an inclination of 43° to expand internet constellation. First booster to fly and be recovered 27th time, new record.","Launch of 27 Starlink v2 mini optimized satellites to a 559 km (347 mi) orbit at an inclination of 43° to expand internet constellation. First booster to fly and be recovered 27th time, new record.",Other,"Launch of 27 Starlink v2 mini optimized satellites to a 559 km (347 mi) orbit at an inclination of 43° to expand internet constellation. First booster to fly and be recovered 27th time, new record.","Launch of 27 Starlink v2 mini optimized satellites to a 559 km (347 mi) orbit at an inclination of 43° to expand internet constellation. First booster to fly and be recovered 27th time, new record.",Other,"Launch of 27 Starlink v2 mini optimized satellites to a 559 km (347 mi) orbit at an inclination of 43° to expand internet constellation. First booster to fly and be recovered 27th time, new record.","Launch of 27 Starlink v2 mini optimized satellites to a 559 km (347 mi) orbit at an inclination of 43° to expand internet constellation. First booster to fly and be recovered 27th time, new record.","Launch of 27 Starlink v2 mini optimized satellites to a 559 km (347 mi) orbit at an inclination of 43° to expand internet constellation. First booster to fly and be recovered 27th time, new record.",,27.0,0
461,"April 20, 2025 12:29[99]",F9 B5 B1082‑12,VSFB,NROL-145 (22 Starshield satellites),Unknown,LEO,NRO,Success,Success (OCISLY),,6920.564516129032,1
461,Tenth launch of SpaceX/Northrop Grumman-built Starshield satellites for the National Reconnaissance Office. First NRO Proliferated Architecture Mission launch in partnership with USSF under the NSSL Phase 3 Lane 1 contract.,Tenth launch of SpaceX/Northrop Grumman-built Starshield satellites for the National Reconnaissance Office. First NRO Proliferated Architecture Mission launch in partnership with USSF under the NSSL Phase 3 Lane 1 contract.,Other,Tenth launch of SpaceX/Northrop Grumman-built Starshield satellites for the National Reconnaissance Office. First NRO Proliferated Architecture Mission launch in partnership with USSF under the NSSL Phase 3 Lane 1 contract.,Tenth launch of SpaceX/Northrop Grumman-built Starshield satellites for the National Reconnaissance Office. First NRO Proliferated Architecture Mission launch in partnership with USSF under the NSSL Phase 3 Lane 1 contract.,ISS,Tenth launch of SpaceX/Northrop Grumman-built Starshield satellites for the National Reconnaissance Office. First NRO Proliferated Architecture Mission launch in partnership with USSF under the NSSL Phase 3 Lane 1 contract.,Tenth launch of SpaceX/Northrop Grumman-built Starshield satellites for the National Reconnaissance Office. First NRO Proliferated Architecture Mission launch in partnership with USSF under the NSSL Phase 3 Lane 1 contract.,Tenth launch of SpaceX/Northrop Grumman-built Starshield satellites for the National Reconnaissance Office. First NRO Proliferated Architecture Mission launch in partnership with USSF under the NSSL Phase 3 Lane 1 contract.,,3.0,0
462,"April 21, 2025 08:15[100]",F9 B5 B1092‑3,KSC,SpaceX CRS-32 (Cargo Dragon C209-5),"3,021 kg (6,660 lb)",LEO,NASA (CRS),Success,Success (LZ‑1),,3021.0,1
462,Carried cargo and supplies to the International Space Station (ISS).[101],Carried cargo and supplies to the International Space Station (ISS).[101],Other,Carried cargo and supplies to the International Space Station (ISS).[101],Carried cargo and supplies to the International Space Station (ISS).[101],ISS,Carried cargo and supplies to the International Space Station (ISS).[101],Carried cargo and supplies to the International Space Station (ISS).[101],Carried cargo and supplies to the International Space Station (ISS).[101],,101.0,0
463,"April 22, 2025 00:48[102]",F9 B5 B1090‑3,CCSFS,"Bandwagon-3 (425Sat-3,[103] Tomorrow-S7, PHOENIX)",Unknown[k],LEO,Republic of Korea Armed Forces Tomorrow.io Atmos Space Cargo,Success,Success (LZ‑2),,6920.564516129032,1
463,"SmallSat rideshare mission to a 550–600 km (340–370 mi) orbit at an inclination of 45°. Launch featured a rare Falcon 9 landing at LZ-2, as the booster from the CRS-32 launch just hours before was still on LZ-1. 425Sat-3 is the third synthetic-aperture radar satellite for the constellation and the fourth flight of Korea 425 Project for the South Korean military. Also on the flight are Tomorrow.io's Tomorrow-S7 satellite and Atmos Space Cargo's PHOENIX re-entry capsule. This mission marks the 300th launch from SLC-40.","SmallSat rideshare mission to a 550–600 km (340–370 mi) orbit at an inclination of 45°. Launch featured a rare Falcon 9 landing at LZ-2, as the booster from the CRS-32 launch just hours before was still on LZ-1. 425Sat-3 is the third synthetic-aperture radar satellite for the constellation and the fourth flight of Korea 425 Project for the South Korean military. Also on the flight are Tomorrow.io's Tomorrow-S7 satellite and Atmos Space Cargo's PHOENIX re-entry capsule. This mission marks the 300th launch from SLC-40.",CCSFS,"SmallSat rideshare mission to a 550–600 km (340–370 mi) orbit at an inclination of 45°. Launch featured a rare Falcon 9 landing at LZ-2, as the booster from the CRS-32 launch just hours before was still on LZ-1. 425Sat-3 is the third synthetic-aperture radar satellite for the constellation and the fourth flight of Korea 425 Project for the South Korean military. Also on the flight are Tomorrow.io's Tomorrow-S7 satellite and Atmos Space Cargo's PHOENIX re-entry capsule. This mission marks the 300th launch from SLC-40.","SmallSat rideshare mission to a 550–600 km (340–370 mi) orbit at an inclination of 45°. Launch featured a rare Falcon 9 landing at LZ-2, as the booster from the CRS-32 launch just hours before was still on LZ-1. 425Sat-3 is the third synthetic-aperture radar satellite for the constellation and the fourth flight of Korea 425 Project for the South Korean military. Also on the flight are Tomorrow.io's Tomorrow-S7 satellite and Atmos Space Cargo's PHOENIX re-entry capsule. This mission marks the 300th launch from SLC-40.",ISS,"SmallSat rideshare mission to a 550–600 km (340–370 mi) orbit at an inclination of 45°. Launch featured a rare Falcon 9 landing at LZ-2, as the booster from the CRS-32 launch just hours before was still on LZ-1. 425Sat-3 is the third synthetic-aperture radar satellite for the constellation and the fourth flight of Korea 425 Project for the South Korean military. Also on the flight are Tomorrow.io's Tomorrow-S7 satellite and Atmos Space Cargo's PHOENIX re-entry capsule. This mission marks the 300th launch from SLC-40.","SmallSat rideshare mission to a 550–600 km (340–370 mi) orbit at an inclination of 45°. Launch featured a rare Falcon 9 landing at LZ-2, as the booster from the CRS-32 launch just hours before was still on LZ-1. 425Sat-3 is the third synthetic-aperture radar satellite for the constellation and the fourth flight of Korea 425 Project for the South Korean military. Also on the flight are Tomorrow.io's Tomorrow-S7 satellite and Atmos Space Cargo's PHOENIX re-entry capsule. This mission marks the 300th launch from SLC-40.","SmallSat rideshare mission to a 550–600 km (340–370 mi) orbit at an inclination of 45°. Launch featured a rare Falcon 9 landing at LZ-2, as the booster from the CRS-32 launch just hours before was still on LZ-1. 425Sat-3 is the third synthetic-aperture radar satellite for the constellation and the fourth flight of Korea 425 Project for the South Korean military. Also on the flight are Tomorrow.io's Tomorrow-S7 satellite and Atmos Space Cargo's PHOENIX re-entry capsule. This mission marks the 300th launch from SLC-40.",,550.0,0
464,"April 25, 2025 01:52[104]",F9 B5 B1069‑23,CCSFS,Starlink: Group 6-74,"~16,100 kg (35,500 lb)",LEO,SpaceX,Success,Success (ASOG),,16100.0,1
464,Launch of 28 Starlink v2 mini optimized satellites to a 559 km (347 mi) orbit at an inclination of 43° to expand internet constellation. 1st time flying a fairing half for the 29th time.,Launch of 28 Starlink v2 mini optimized satellites to a 559 km (347 mi) orbit at an inclination of 43° to expand internet constellation. 1st time flying a fairing half for the 29th time.,Other,Launch of 28 Starlink v2 mini optimized satellites to a 559 km (347 mi) orbit at an inclination of 43° to expand internet constellation. 1st time flying a fairing half for the 29th time.,Launch of 28 Starlink v2 mini optimized satellites to a 559 km (347 mi) orbit at an inclination of 43° to expand internet constellation. 1st time flying a fairing half for the 29th time.,Other,Launch of 28 Starlink v2 mini optimized satellites to a 559 km (347 mi) orbit at an inclination of 43° to expand internet constellation. 1st time flying a fairing half for the 29th time.,Launch of 28 Starlink v2 mini optimized satellites to a 559 km (347 mi) orbit at an inclination of 43° to expand internet constellation. 1st time flying a fairing half for the 29th time.,Launch of 28 Starlink v2 mini optimized satellites to a 559 km (347 mi) orbit at an inclination of 43° to expand internet constellation. 1st time flying a fairing half for the 29th time.,,28.0,0
465,"April 28, 2025 02:09[105]",F9 B5 B1077‑20,CCSFS,Starlink: Group 12-23,"~17,100 kg (37,700 lb)",LEO,SpaceX,Success,Success (JRTI),,17100.0,1
465,"Launch of 23 Starlink v2 mini satellites, including 13 with direct-to-cell connectivity, to a 559 km (347 mi) orbit at an inclination of 43° to expand internet constellation. 250th dedicated Starlink constellation launch.","Launch of 23 Starlink v2 mini satellites, including 13 with direct-to-cell connectivity, to a 559 km (347 mi) orbit at an inclination of 43° to expand internet constellation. 250th dedicated Starlink constellation launch.",Other,"Launch of 23 Starlink v2 mini satellites, including 13 with direct-to-cell connectivity, to a 559 km (347 mi) orbit at an inclination of 43° to expand internet constellation. 250th dedicated Starlink constellation launch.","Launch of 23 Starlink v2 mini satellites, including 13 with direct-to-cell connectivity, to a 559 km (347 mi) orbit at an inclination of 43° to expand internet constellation. 250th dedicated Starlink constellation launch.",Other,"Launch of 23 Starlink v2 mini satellites, including 13 with direct-to-cell connectivity, to a 559 km (347 mi) orbit at an inclination of 43° to expand internet constellation. 250th dedicated Starlink constellation launch.","Launch of 23 Starlink v2 mini satellites, including 13 with direct-to-cell connectivity, to a 559 km (347 mi) orbit at an inclination of 43° to expand internet constellation. 250th dedicated Starlink constellation launch.","Launch of 23 Starlink v2 mini satellites, including 13 with direct-to-cell connectivity, to a 559 km (347 mi) orbit at an inclination of 43° to expand internet constellation. 250th dedicated Starlink constellation launch.",,23.0,0
466,"April 28, 2025 20:42[106]",F9 B5 B1063‑25,VSFB,Starlink: Group 11-9,"~15,500 kg (34,200 lb)",LEO,SpaceX,Success,Success (OCISLY),,15500.0,1
466,Launch of 27 Starlink v2 mini optimized satellites to a 535 km (332 mi) orbit at an inclination of 53° to expand internet constellation.,Launch of 27 Starlink v2 mini optimized satellites to a 535 km (332 mi) orbit at an inclination of 53° to expand internet constellation.,Other,Launch of 27 Starlink v2 mini optimized satellites to a 535 km (332 mi) orbit at an inclination of 53° to expand internet constellation.,Launch of 27 Starlink v2 mini optimized satellites to a 535 km (332 mi) orbit at an inclination of 53° to expand internet constellation.,Other,Launch of 27 Starlink v2 mini optimized satellites to a 535 km (332 mi) orbit at an inclination of 53° to expand internet constellation.,Launch of 27 Starlink v2 mini optimized satellites to a 535 km (332 mi) orbit at an inclination of 53° to expand internet constellation.,Launch of 27 Starlink v2 mini optimized satellites to a 535 km (332 mi) orbit at an inclination of 53° to expand internet constellation.,,27.0,0
467,"April 29, 2025 02:34[107]",F9 B5 B1094‑1,KSC,Starlink: Group 12-10,"~17,100 kg (37,700 lb)",LEO,SpaceX,Success,Success (ASOG),,17100.0,1
467,"Launch of 23 Starlink v2 mini satellites, including 13 with direct-to-cell connectivity, to a 559 km (347 mi) orbit at an inclination of 43° to expand internet constellation.","Launch of 23 Starlink v2 mini satellites, including 13 with direct-to-cell connectivity, to a 559 km (347 mi) orbit at an inclination of 43° to expand internet constellation.",Other,"Launch of 23 Starlink v2 mini satellites, including 13 with direct-to-cell connectivity, to a 559 km (347 mi) orbit at an inclination of 43° to expand internet constellation.","Launch of 23 Starlink v2 mini satellites, including 13 with direct-to-cell connectivity, to a 559 km (347 mi) orbit at an inclination of 43° to expand internet constellation.",Other,"Launch of 23 Starlink v2 mini satellites, including 13 with direct-to-cell connectivity, to a 559 km (347 mi) orbit at an inclination of 43° to expand internet constellation.","Launch of 23 Starlink v2 mini satellites, including 13 with direct-to-cell connectivity, to a 559 km (347 mi) orbit at an inclination of 43° to expand internet constellation.","Launch of 23 Starlink v2 mini satellites, including 13 with direct-to-cell connectivity, to a 559 km (347 mi) orbit at an inclination of 43° to expand internet constellation.",,23.0,0
468,"May 2, 2025 01:51[108]",F9 B5 B1080‑18,CCSFS,Starlink: Group 6-75,"~16,100 kg (35,500 lb)",LEO,SpaceX,Success,Success (JRTI),,16100.0,1
468,Launch of 28 Starlink v2 mini optimized satellites to a 559 km (347 mi) orbit at an inclination of 43° to expand internet constellation.,Launch of 28 Starlink v2 mini optimized satellites to a 559 km (347 mi) orbit at an inclination of 43° to expand internet constellation.,Other,Launch of 28 Starlink v2 mini optimized satellites to a 559 km (347 mi) orbit at an inclination of 43° to expand internet constellation.,Launch of 28 Starlink v2 mini optimized satellites to a 559 km (347 mi) orbit at an inclination of 43° to expand internet constellation.,Other,Launch of 28 Starlink v2 mini optimized satellites to a 559 km (347 mi) orbit at an inclination of 43° to expand internet constellation.,Launch of 28 Starlink v2 mini optimized satellites to a 559 km (347 mi) orbit at an inclination of 43° to expand internet constellation.,Launch of 28 Starlink v2 mini optimized satellites to a 559 km (347 mi) orbit at an inclination of 43° to expand internet constellation.,,28.0,0
469,"May 4, 2025 08:54[109]",F9 B5 B1078‑20,KSC,Starlink: Group 6-84,"~16,675 kg (36,762 lb)",LEO,SpaceX,Success,Success (ASOG),,16675.0,1
469,Launch of 29 Starlink v2 mini optimized satellites to a 559 km (347 mi) orbit at an inclination of 43° to expand internet constellation. Fastest launch turnaround at Pad 39A.,Launch of 29 Starlink v2 mini optimized satellites to a 559 km (347 mi) orbit at an inclination of 43° to expand internet constellation. Fastest launch turnaround at Pad 39A.,Other,Launch of 29 Starlink v2 mini optimized satellites to a 559 km (347 mi) orbit at an inclination of 43° to expand internet constellation. Fastest launch turnaround at Pad 39A.,Launch of 29 Starlink v2 mini optimized satellites to a 559 km (347 mi) orbit at an inclination of 43° to expand internet constellation. Fastest launch turnaround at Pad 39A.,Other,Launch of 29 Starlink v2 mini optimized satellites to a 559 km (347 mi) orbit at an inclination of 43° to expand internet constellation. Fastest launch turnaround at Pad 39A.,Launch of 29 Starlink v2 mini optimized satellites to a 559 km (347 mi) orbit at an inclination of 43° to expand internet constellation. Fastest launch turnaround at Pad 39A.,Launch of 29 Starlink v2 mini optimized satellites to a 559 km (347 mi) orbit at an inclination of 43° to expand internet constellation. Fastest launch turnaround at Pad 39A.,,29.0,0
470,"May 7, 2025 01:17[110]",F9 B5 B1085‑7,CCSFS,Starlink: Group 6-93,"~16,100 kg (35,500 lb)",LEO,SpaceX,Success,Success (JRTI),,16100.0,1
470,Launch of 28 Starlink v2 mini optimized satellites to a 559 km (347 mi) orbit at an inclination of 43° to expand internet constellation. 470th Falcon 9 rocket launch.,Launch of 28 Starlink v2 mini optimized satellites to a 559 km (347 mi) orbit at an inclination of 43° to expand internet constellation. 470th Falcon 9 rocket launch.,Other,Launch of 28 Starlink v2 mini optimized satellites to a 559 km (347 mi) orbit at an inclination of 43° to expand internet constellation. 470th Falcon 9 rocket launch.,Launch of 28 Starlink v2 mini optimized satellites to a 559 km (347 mi) orbit at an inclination of 43° to expand internet constellation. 470th Falcon 9 rocket launch.,Other,Launch of 28 Starlink v2 mini optimized satellites to a 559 km (347 mi) orbit at an inclination of 43° to expand internet constellation. 470th Falcon 9 rocket launch.,Launch of 28 Starlink v2 mini optimized satellites to a 559 km (347 mi) orbit at an inclination of 43° to expand internet constellation. 470th Falcon 9 rocket launch.,Launch of 28 Starlink v2 mini optimized satellites to a 559 km (347 mi) orbit at an inclination of 43° to expand internet constellation. 470th Falcon 9 rocket launch.,,28.0,0
471,"May 10, 2025 00:19[111]",F9 B5 B1081‑14,VSFB,Starlink: Group 15-3,"~14,950 kg (32,960 lb)",LEO,SpaceX,Success,Success (OCISLY),,14950.0,1
471,Launch of 26 Starlink v2 mini optimized satellites to a 535 km (332 mi) orbit at an inclination of 70° to expand internet constellation.,Launch of 26 Starlink v2 mini optimized satellites to a 535 km (332 mi) orbit at an inclination of 70° to expand internet constellation.,Other,Launch of 26 Starlink v2 mini optimized satellites to a 535 km (332 mi) orbit at an inclination of 70° to expand internet constellation.,Launch of 26 Starlink v2 mini optimized satellites to a 535 km (332 mi) orbit at an inclination of 70° to expand internet constellation.,Other,Launch of 26 Starlink v2 mini optimized satellites to a 535 km (332 mi) orbit at an inclination of 70° to expand internet constellation.,Launch of 26 Starlink v2 mini optimized satellites to a 535 km (332 mi) orbit at an inclination of 70° to expand internet constellation.,Launch of 26 Starlink v2 mini optimized satellites to a 535 km (332 mi) orbit at an inclination of 70° to expand internet constellation.,,26.0,0
472,"May 10, 2025 06:28[112]",F9 B5 B1083‑11,CCSFS,Starlink: Group 6-91,"~16,100 kg (35,500 lb)",LEO,SpaceX,Success,Success (ASOG),,16100.0,1
472,Launch of 28 Starlink v2 mini optimized satellites to a 559 km (347 mi) orbit at an inclination of 43° to expand internet constellation. The active fairing half flew for record 30th time as per launch webcasts.[113],Launch of 28 Starlink v2 mini optimized satellites to a 559 km (347 mi) orbit at an inclination of 43° to expand internet constellation. The active fairing half flew for record 30th time as per launch webcasts.[113],Other,Launch of 28 Starlink v2 mini optimized satellites to a 559 km (347 mi) orbit at an inclination of 43° to expand internet constellation. The active fairing half flew for record 30th time as per launch webcasts.[113],Launch of 28 Starlink v2 mini optimized satellites to a 559 km (347 mi) orbit at an inclination of 43° to expand internet constellation. The active fairing half flew for record 30th time as per launch webcasts.[113],Other,Launch of 28 Starlink v2 mini optimized satellites to a 559 km (347 mi) orbit at an inclination of 43° to expand internet constellation. The active fairing half flew for record 30th time as per launch webcasts.[113],Launch of 28 Starlink v2 mini optimized satellites to a 559 km (347 mi) orbit at an inclination of 43° to expand internet constellation. The active fairing half flew for record 30th time as per launch webcasts.[113],Launch of 28 Starlink v2 mini optimized satellites to a 559 km (347 mi) orbit at an inclination of 43° to expand internet constellation. The active fairing half flew for record 30th time as per launch webcasts.[113],,28.0,0
473,"May 13, 2025 01:15[114]",F9 B5 B1088‑6,VSFB,Starlink: Group 15-4,"~14,950 kg (32,960 lb)",LEO,SpaceX,Success,Success (OCISLY),,14950.0,1
473,Launch of 26 Starlink v2 mini optimized satellites to a 535 km (332 mi) orbit at an inclination of 70° to expand internet constellation.,Launch of 26 Starlink v2 mini optimized satellites to a 535 km (332 mi) orbit at an inclination of 70° to expand internet constellation.,Other,Launch of 26 Starlink v2 mini optimized satellites to a 535 km (332 mi) orbit at an inclination of 70° to expand internet constellation.,Launch of 26 Starlink v2 mini optimized satellites to a 535 km (332 mi) orbit at an inclination of 70° to expand internet constellation.,Other,Launch of 26 Starlink v2 mini optimized satellites to a 535 km (332 mi) orbit at an inclination of 70° to expand internet constellation.,Launch of 26 Starlink v2 mini optimized satellites to a 535 km (332 mi) orbit at an inclination of 70° to expand internet constellation.,Launch of 26 Starlink v2 mini optimized satellites to a 535 km (332 mi) orbit at an inclination of 70° to expand internet constellation.,,26.0,0
474,"May 13, 2025 05:02[115]",F9 B5 B1067‑28,KSC,Starlink: Group 6-83,"~16,100 kg (35,500 lb)",LEO,SpaceX,Success,Success (JRTI),,16100.0,1
474,Launch of 28 Starlink v2 mini optimized satellites to a 559 km (347 mi) orbit at an inclination of 43° to expand internet constellation. First booster to launch and land for the 28th time. 100th single-stick Falcon 9 to launch from LC-39A.,Launch of 28 Starlink v2 mini optimized satellites to a 559 km (347 mi) orbit at an inclination of 43° to expand internet constellation. First booster to launch and land for the 28th time. 100th single-stick Falcon 9 to launch from LC-39A.,KSC,Launch of 28 Starlink v2 mini optimized satellites to a 559 km (347 mi) orbit at an inclination of 43° to expand internet constellation. First booster to launch and land for the 28th time. 100th single-stick Falcon 9 to launch from LC-39A.,Launch of 28 Starlink v2 mini optimized satellites to a 559 km (347 mi) orbit at an inclination of 43° to expand internet constellation. First booster to launch and land for the 28th time. 100th single-stick Falcon 9 to launch from LC-39A.,Other,Launch of 28 Starlink v2 mini optimized satellites to a 559 km (347 mi) orbit at an inclination of 43° to expand internet constellation. First booster to launch and land for the 28th time. 100th single-stick Falcon 9 to launch from LC-39A.,Launch of 28 Starlink v2 mini optimized satellites to a 559 km (347 mi) orbit at an inclination of 43° to expand internet constellation. First booster to launch and land for the 28th time. 100th single-stick Falcon 9 to launch from LC-39A.,Launch of 28 Starlink v2 mini optimized satellites to a 559 km (347 mi) orbit at an inclination of 43° to expand internet constellation. First booster to launch and land for the 28th time. 100th single-stick Falcon 9 to launch from LC-39A.,,28.0,0
475,"May 14, 2025 16:38[116]",F9 B5 B1090‑4,CCSFS,Starlink: Group 6-67,"~16,100 kg (35,500 lb)",LEO,SpaceX,Success,Success (ASOG),,16100.0,1
475,Launch of 28 Starlink v2 mini optimized satellites to a 559 km (347 mi) orbit at an inclination of 43° to expand internet constellation.,Launch of 28 Starlink v2 mini optimized satellites to a 559 km (347 mi) orbit at an inclination of 43° to expand internet constellation.,Other,Launch of 28 Starlink v2 mini optimized satellites to a 559 km (347 mi) orbit at an inclination of 43° to expand internet constellation.,Launch of 28 Starlink v2 mini optimized satellites to a 559 km (347 mi) orbit at an inclination of 43° to expand internet constellation.,Other,Launch of 28 Starlink v2 mini optimized satellites to a 559 km (347 mi) orbit at an inclination of 43° to expand internet constellation.,Launch of 28 Starlink v2 mini optimized satellites to a 559 km (347 mi) orbit at an inclination of 43° to expand internet constellation.,Launch of 28 Starlink v2 mini optimized satellites to a 559 km (347 mi) orbit at an inclination of 43° to expand internet constellation.,,28.0,0
476,"May 16, 2025 13:43[117]",F9 B5 B1093‑2,VSFB,Starlink: Group 15-5,"~14,950 kg (32,960 lb)",LEO,SpaceX,Success,Success (OCISLY),,14950.0,1
476,Launch of 26 Starlink v2 mini optimized satellites to a 535 km (332 mi) orbit at an inclination of 70° to expand internet constellation.,Launch of 26 Starlink v2 mini optimized satellites to a 535 km (332 mi) orbit at an inclination of 70° to expand internet constellation.,Other,Launch of 26 Starlink v2 mini optimized satellites to a 535 km (332 mi) orbit at an inclination of 70° to expand internet constellation.,Launch of 26 Starlink v2 mini optimized satellites to a 535 km (332 mi) orbit at an inclination of 70° to expand internet constellation.,Other,Launch of 26 Starlink v2 mini optimized satellites to a 535 km (332 mi) orbit at an inclination of 70° to expand internet constellation.,Launch of 26 Starlink v2 mini optimized satellites to a 535 km (332 mi) orbit at an inclination of 70° to expand internet constellation.,Launch of 26 Starlink v2 mini optimized satellites to a 535 km (332 mi) orbit at an inclination of 70° to expand internet constellation.,,26.0,0
477,"May 21, 2025 03:19[118]",F9 B5 B1095‑1,CCSFS,Starlink: Group 12-15,"~17,100 kg (37,700 lb)",LEO,SpaceX,Success,Success (JRTI),,17100.0,1
477,"Launch of 23 Starlink v2 mini satellites, including 13 with direct-to-cell connectivity, to a 559 km (347 mi) orbit at an inclination of 43° to expand internet constellation.","Launch of 23 Starlink v2 mini satellites, including 13 with direct-to-cell connectivity, to a 559 km (347 mi) orbit at an inclination of 43° to expand internet constellation.",Other,"Launch of 23 Starlink v2 mini satellites, including 13 with direct-to-cell connectivity, to a 559 km (347 mi) orbit at an inclination of 43° to expand internet constellation.","Launch of 23 Starlink v2 mini satellites, including 13 with direct-to-cell connectivity, to a 559 km (347 mi) orbit at an inclination of 43° to expand internet constellation.",Other,"Launch of 23 Starlink v2 mini satellites, including 13 with direct-to-cell connectivity, to a 559 km (347 mi) orbit at an inclination of 43° to expand internet constellation.","Launch of 23 Starlink v2 mini satellites, including 13 with direct-to-cell connectivity, to a 559 km (347 mi) orbit at an inclination of 43° to expand internet constellation.","Launch of 23 Starlink v2 mini satellites, including 13 with direct-to-cell connectivity, to a 559 km (347 mi) orbit at an inclination of 43° to expand internet constellation.",,23.0,0
478,"May 23, 2025 22:32[119]",F9 B5 B1075‑18,VSFB,Starlink: Group 11-16,"~15,500 kg (34,200 lb)",LEO,SpaceX,Success,Success (OCISLY),,15500.0,1
478,Launch of 27 Starlink v2 mini optimized satellites to a 535 km (332 mi) orbit at an inclination of 53° to expand internet constellation. 450th Falcon booster landing.,Launch of 27 Starlink v2 mini optimized satellites to a 535 km (332 mi) orbit at an inclination of 53° to expand internet constellation. 450th Falcon booster landing.,Other,Launch of 27 Starlink v2 mini optimized satellites to a 535 km (332 mi) orbit at an inclination of 53° to expand internet constellation. 450th Falcon booster landing.,Launch of 27 Starlink v2 mini optimized satellites to a 535 km (332 mi) orbit at an inclination of 53° to expand internet constellation. 450th Falcon booster landing.,Other,Launch of 27 Starlink v2 mini optimized satellites to a 535 km (332 mi) orbit at an inclination of 53° to expand internet constellation. 450th Falcon booster landing.,Launch of 27 Starlink v2 mini optimized satellites to a 535 km (332 mi) orbit at an inclination of 53° to expand internet constellation. 450th Falcon booster landing.,Launch of 27 Starlink v2 mini optimized satellites to a 535 km (332 mi) orbit at an inclination of 53° to expand internet constellation. 450th Falcon booster landing.,,27.0,0
479,"May 24, 2025 17:19[120]",F9 B5 B1069‑24,CCSFS,Starlink: Group 12-22,"~17,100 kg (37,700 lb)",LEO,SpaceX,Success,Success (ASOG),,17100.0,1
479,"Launch of 23 Starlink v2 mini satellites, including 13 with direct-to-cell connectivity, to a 559 km (347 mi) orbit at an inclination of 43° to expand internet constellation.","Launch of 23 Starlink v2 mini satellites, including 13 with direct-to-cell connectivity, to a 559 km (347 mi) orbit at an inclination of 43° to expand internet constellation.",Other,"Launch of 23 Starlink v2 mini satellites, including 13 with direct-to-cell connectivity, to a 559 km (347 mi) orbit at an inclination of 43° to expand internet constellation.","Launch of 23 Starlink v2 mini satellites, including 13 with direct-to-cell connectivity, to a 559 km (347 mi) orbit at an inclination of 43° to expand internet constellation.",Other,"Launch of 23 Starlink v2 mini satellites, including 13 with direct-to-cell connectivity, to a 559 km (347 mi) orbit at an inclination of 43° to expand internet constellation.","Launch of 23 Starlink v2 mini satellites, including 13 with direct-to-cell connectivity, to a 559 km (347 mi) orbit at an inclination of 43° to expand internet constellation.","Launch of 23 Starlink v2 mini satellites, including 13 with direct-to-cell connectivity, to a 559 km (347 mi) orbit at an inclination of 43° to expand internet constellation.",,23.0,0
480,"May 27, 2025 16:57[121]",F9 B5 B1082‑13,VSFB,Starlink: Group 17-1,"~17,500 kg (38,600 lb)",SSO,SpaceX,Success,Success (OCISLY),,17500.0,1
480,Launch of 24 Starlink v2 mini satellites to a 560 km (350 mi) orbit at an inclination of 98° to expand internet constellation. First Starlink launch with SSO inclination in over 2 years.,Launch of 24 Starlink v2 mini satellites to a 560 km (350 mi) orbit at an inclination of 98° to expand internet constellation. First Starlink launch with SSO inclination in over 2 years.,Other,Launch of 24 Starlink v2 mini satellites to a 560 km (350 mi) orbit at an inclination of 98° to expand internet constellation. First Starlink launch with SSO inclination in over 2 years.,Launch of 24 Starlink v2 mini satellites to a 560 km (350 mi) orbit at an inclination of 98° to expand internet constellation. First Starlink launch with SSO inclination in over 2 years.,SSO,Launch of 24 Starlink v2 mini satellites to a 560 km (350 mi) orbit at an inclination of 98° to expand internet constellation. First Starlink launch with SSO inclination in over 2 years.,Launch of 24 Starlink v2 mini satellites to a 560 km (350 mi) orbit at an inclination of 98° to expand internet constellation. First Starlink launch with SSO inclination in over 2 years.,Launch of 24 Starlink v2 mini satellites to a 560 km (350 mi) orbit at an inclination of 98° to expand internet constellation. First Starlink launch with SSO inclination in over 2 years.,,24.0,0
481,"May 28, 2025 13:30[122]",F9 B5 B1080‑19,KSC,Starlink: Group 10-32,"~15,500 kg (34,200 lb)",LEO,SpaceX,Success,Success (JRTI),,15500.0,1
481,Launch of 27 Starlink v2 mini optimized satellites to a 279 km (173 mi) orbit at an inclination of 53° to expand internet constellation. The active fairing half flew for record 31st time as per launch webcasts.,Launch of 27 Starlink v2 mini optimized satellites to a 279 km (173 mi) orbit at an inclination of 53° to expand internet constellation. The active fairing half flew for record 31st time as per launch webcasts.,Other,Launch of 27 Starlink v2 mini optimized satellites to a 279 km (173 mi) orbit at an inclination of 53° to expand internet constellation. The active fairing half flew for record 31st time as per launch webcasts.,Launch of 27 Starlink v2 mini optimized satellites to a 279 km (173 mi) orbit at an inclination of 53° to expand internet constellation. The active fairing half flew for record 31st time as per launch webcasts.,Other,Launch of 27 Starlink v2 mini optimized satellites to a 279 km (173 mi) orbit at an inclination of 53° to expand internet constellation. The active fairing half flew for record 31st time as per launch webcasts.,Launch of 27 Starlink v2 mini optimized satellites to a 279 km (173 mi) orbit at an inclination of 53° to expand internet constellation. The active fairing half flew for record 31st time as per launch webcasts.,Launch of 27 Starlink v2 mini optimized satellites to a 279 km (173 mi) orbit at an inclination of 53° to expand internet constellation. The active fairing half flew for record 31st time as per launch webcasts.,,27.0,0
482,"May 30, 2025 17:37[123]",F9 B5 B1092‑4,CCSFS,GPS III-8,"4,350 kg (9,590 lb)",MEO,USSF,Success,Success (ASOG),,4350.0,1
482,"GPS III-8, originally scheduled to launch on a ULA Vulcan rocket, was reassigned to the Falcon 9. As a result, GPS IIIF-1, originally planned to launch on the Falcon Heavy, will now launch on Vulcan.","GPS III-8, originally scheduled to launch on a ULA Vulcan rocket, was reassigned to the Falcon 9. As a result, GPS IIIF-1, originally planned to launch on the Falcon Heavy, will now launch on Vulcan.",Other,"GPS III-8, originally scheduled to launch on a ULA Vulcan rocket, was reassigned to the Falcon 9. As a result, GPS IIIF-1, originally planned to launch on the Falcon Heavy, will now launch on Vulcan.","GPS III-8, originally scheduled to launch on a ULA Vulcan rocket, was reassigned to the Falcon 9. As a result, GPS IIIF-1, originally planned to launch on the Falcon Heavy, will now launch on Vulcan.",Other,"GPS III-8, originally scheduled to launch on a ULA Vulcan rocket, was reassigned to the Falcon 9. As a result, GPS IIIF-1, originally planned to launch on the Falcon Heavy, will now launch on Vulcan.","GPS III-8, originally scheduled to launch on a ULA Vulcan rocket, was reassigned to the Falcon 9. As a result, GPS IIIF-1, originally planned to launch on the Falcon Heavy, will now launch on Vulcan.","GPS III-8, originally scheduled to launch on a ULA Vulcan rocket, was reassigned to the Falcon 9. As a result, GPS IIIF-1, originally planned to launch on the Falcon Heavy, will now launch on Vulcan.",,8.0,0
483,"May 31, 2025 20:10[124]",F9 B5 B1071‑25,VSFB,Starlink: Group 11-18,"~15,500 kg (34,200 lb)",LEO,SpaceX,Success,Success (OCISLY),,15500.0,1
483,Launch of 27 Starlink v2 mini optimized satellites to a 535 km (332 mi) orbit at an inclination of 53° to expand internet constellation.,Launch of 27 Starlink v2 mini optimized satellites to a 535 km (332 mi) orbit at an inclination of 53° to expand internet constellation.,Other,Launch of 27 Starlink v2 mini optimized satellites to a 535 km (332 mi) orbit at an inclination of 53° to expand internet constellation.,Launch of 27 Starlink v2 mini optimized satellites to a 535 km (332 mi) orbit at an inclination of 53° to expand internet constellation.,Other,Launch of 27 Starlink v2 mini optimized satellites to a 535 km (332 mi) orbit at an inclination of 53° to expand internet constellation.,Launch of 27 Starlink v2 mini optimized satellites to a 535 km (332 mi) orbit at an inclination of 53° to expand internet constellation.,Launch of 27 Starlink v2 mini optimized satellites to a 535 km (332 mi) orbit at an inclination of 53° to expand internet constellation.,,27.0,0
484,"June 3, 2025 04:43[125]",F9 B5 B1077‑21,CCSFS,Starlink: Group 12-19,"~17,100 kg (37,700 lb)",LEO,SpaceX,Success,Success (JRTI),,17100.0,1
484,"Launch of 23 Starlink v2 mini satellites, including 13 with direct-to-cell connectivity, to a 559 km (347 mi) orbit at an inclination of 43° to expand internet constellation. 500th launch of SpaceX's Falcon launch vehicles.[126]","Launch of 23 Starlink v2 mini satellites, including 13 with direct-to-cell connectivity, to a 559 km (347 mi) orbit at an inclination of 43° to expand internet constellation. 500th launch of SpaceX's Falcon launch vehicles.[126]",Other,"Launch of 23 Starlink v2 mini satellites, including 13 with direct-to-cell connectivity, to a 559 km (347 mi) orbit at an inclination of 43° to expand internet constellation. 500th launch of SpaceX's Falcon launch vehicles.[126]","Launch of 23 Starlink v2 mini satellites, including 13 with direct-to-cell connectivity, to a 559 km (347 mi) orbit at an inclination of 43° to expand internet constellation. 500th launch of SpaceX's Falcon launch vehicles.[126]",Other,"Launch of 23 Starlink v2 mini satellites, including 13 with direct-to-cell connectivity, to a 559 km (347 mi) orbit at an inclination of 43° to expand internet constellation. 500th launch of SpaceX's Falcon launch vehicles.[126]","Launch of 23 Starlink v2 mini satellites, including 13 with direct-to-cell connectivity, to a 559 km (347 mi) orbit at an inclination of 43° to expand internet constellation. 500th launch of SpaceX's Falcon launch vehicles.[126]","Launch of 23 Starlink v2 mini satellites, including 13 with direct-to-cell connectivity, to a 559 km (347 mi) orbit at an inclination of 43° to expand internet constellation. 500th launch of SpaceX's Falcon launch vehicles.[126]",,23.0,0
485,"June 4, 2025 23:40[127]",F9 B5 B1063‑26,VSFB,Starlink: Group 11-22,"~15,500 kg (34,200 lb)",LEO,SpaceX,Success,Success (OCISLY),,15500.0,1
485,Launch of 27 Starlink v2 mini optimized satellites to a 535 km (332 mi) orbit at an inclination of 53° to expand internet constellation. 500th Falcon Family Orbital Launch.,Launch of 27 Starlink v2 mini optimized satellites to a 535 km (332 mi) orbit at an inclination of 53° to expand internet constellation. 500th Falcon Family Orbital Launch.,Other,Launch of 27 Starlink v2 mini optimized satellites to a 535 km (332 mi) orbit at an inclination of 53° to expand internet constellation. 500th Falcon Family Orbital Launch.,Launch of 27 Starlink v2 mini optimized satellites to a 535 km (332 mi) orbit at an inclination of 53° to expand internet constellation. 500th Falcon Family Orbital Launch.,Other,Launch of 27 Starlink v2 mini optimized satellites to a 535 km (332 mi) orbit at an inclination of 53° to expand internet constellation. 500th Falcon Family Orbital Launch.,Launch of 27 Starlink v2 mini optimized satellites to a 535 km (332 mi) orbit at an inclination of 53° to expand internet constellation. 500th Falcon Family Orbital Launch.,Launch of 27 Starlink v2 mini optimized satellites to a 535 km (332 mi) orbit at an inclination of 53° to expand internet constellation. 500th Falcon Family Orbital Launch.,,27.0,0
486,"June 7, 2025 04:54[128]",F9 B5 B1085‑8,CCSFS,SXM-10,"6,400 kg (14,100 lb)",GTO,SiriusXM,Success,Success (ASOG),,6400.0,1
486,"SXM-10 is a high-powered, digital, audio radio satellite built by Maxar (SSL) for SiriusXM. SpaceX successfully completed a controlled deorbit of the SiriusXM-10 upper stage after GTO payload deployment, a first of its kind.","SXM-10 is a high-powered, digital, audio radio satellite built by Maxar (SSL) for SiriusXM. SpaceX successfully completed a controlled deorbit of the SiriusXM-10 upper stage after GTO payload deployment, a first of its kind.",Other,"SXM-10 is a high-powered, digital, audio radio satellite built by Maxar (SSL) for SiriusXM. SpaceX successfully completed a controlled deorbit of the SiriusXM-10 upper stage after GTO payload deployment, a first of its kind.","SXM-10 is a high-powered, digital, audio radio satellite built by Maxar (SSL) for SiriusXM. SpaceX successfully completed a controlled deorbit of the SiriusXM-10 upper stage after GTO payload deployment, a first of its kind.",GTO,"SXM-10 is a high-powered, digital, audio radio satellite built by Maxar (SSL) for SiriusXM. SpaceX successfully completed a controlled deorbit of the SiriusXM-10 upper stage after GTO payload deployment, a first of its kind.","SXM-10 is a high-powered, digital, audio radio satellite built by Maxar (SSL) for SiriusXM. SpaceX successfully completed a controlled deorbit of the SiriusXM-10 upper stage after GTO payload deployment, a first of its kind.","SXM-10 is a high-powered, digital, audio radio satellite built by Maxar (SSL) for SiriusXM. SpaceX successfully completed a controlled deorbit of the SiriusXM-10 upper stage after GTO payload deployment, a first of its kind.",,10.0,1
487,"June 8, 2025 14:20[129]",F9 B5 B1088‑7,VSFB,Starlink: Group 15-8,"~14,950 kg (32,960 lb)",LEO,SpaceX,Success,Success (OCISLY),,14950.0,1
487,Launch of 26 Starlink v2 mini optimized satellites to a 535 km (332 mi) orbit at an inclination of 70° to expand internet constellation.,Launch of 26 Starlink v2 mini optimized satellites to a 535 km (332 mi) orbit at an inclination of 70° to expand internet constellation.,Other,Launch of 26 Starlink v2 mini optimized satellites to a 535 km (332 mi) orbit at an inclination of 70° to expand internet constellation.,Launch of 26 Starlink v2 mini optimized satellites to a 535 km (332 mi) orbit at an inclination of 70° to expand internet constellation.,Other,Launch of 26 Starlink v2 mini optimized satellites to a 535 km (332 mi) orbit at an inclination of 70° to expand internet constellation.,Launch of 26 Starlink v2 mini optimized satellites to a 535 km (332 mi) orbit at an inclination of 70° to expand internet constellation.,Launch of 26 Starlink v2 mini optimized satellites to a 535 km (332 mi) orbit at an inclination of 70° to expand internet constellation.,,26.0,0
488,"June 10, 2025 13:05[130]",F9 B5 B1083‑12,CCSFS,Starlink: Group 12-24,"~17,100 kg (37,700 lb)",LEO,SpaceX,Success,Success (JRTI),,17100.0,1
488,"Launch of 23 Starlink v2 mini satellites, including 13 with direct-to-cell connectivity, to a 559 km (347 mi) orbit at an inclination of 43° to expand internet constellation.","Launch of 23 Starlink v2 mini satellites, including 13 with direct-to-cell connectivity, to a 559 km (347 mi) orbit at an inclination of 43° to expand internet constellation.",Other,"Launch of 23 Starlink v2 mini satellites, including 13 with direct-to-cell connectivity, to a 559 km (347 mi) orbit at an inclination of 43° to expand internet constellation.","Launch of 23 Starlink v2 mini satellites, including 13 with direct-to-cell connectivity, to a 559 km (347 mi) orbit at an inclination of 43° to expand internet constellation.",Other,"Launch of 23 Starlink v2 mini satellites, including 13 with direct-to-cell connectivity, to a 559 km (347 mi) orbit at an inclination of 43° to expand internet constellation.","Launch of 23 Starlink v2 mini satellites, including 13 with direct-to-cell connectivity, to a 559 km (347 mi) orbit at an inclination of 43° to expand internet constellation.","Launch of 23 Starlink v2 mini satellites, including 13 with direct-to-cell connectivity, to a 559 km (347 mi) orbit at an inclination of 43° to expand internet constellation.",,23.0,0
489,"June 13, 2025 01:54[131]",F9 B5 B1081‑15,VSFB,Starlink: Group 15-6,"~14,950 kg (32,960 lb)",LEO,SpaceX,Success,Success (OCISLY),,14950.0,1
489,Launch of 26 Starlink v2 mini optimized satellites to a 535 km (332 mi) orbit at an inclination of 70° to expand internet constellation. 500th Falcon 9 mission.,Launch of 26 Starlink v2 mini optimized satellites to a 535 km (332 mi) orbit at an inclination of 70° to expand internet constellation. 500th Falcon 9 mission.,Other,Launch of 26 Starlink v2 mini optimized satellites to a 535 km (332 mi) orbit at an inclination of 70° to expand internet constellation. 500th Falcon 9 mission.,Launch of 26 Starlink v2 mini optimized satellites to a 535 km (332 mi) orbit at an inclination of 70° to expand internet constellation. 500th Falcon 9 mission.,ISS,Launch of 26 Starlink v2 mini optimized satellites to a 535 km (332 mi) orbit at an inclination of 70° to expand internet constellation. 500th Falcon 9 mission.,Launch of 26 Starlink v2 mini optimized satellites to a 535 km (332 mi) orbit at an inclination of 70° to expand internet constellation. 500th Falcon 9 mission.,Launch of 26 Starlink v2 mini optimized satellites to a 535 km (332 mi) orbit at an inclination of 70° to expand internet constellation. 500th Falcon 9 mission.,,26.0,0
490,"June 13, 2025 15:29[132]",F9 B5 B1078‑21,CCSFS,Starlink: Group 12-26,"~17,100 kg (37,700 lb)",LEO,SpaceX,Success,Success (ASOG),,17100.0,1
490,"Launch of 23 Starlink v2 mini satellites, including 13 with direct-to-cell connectivity, to a 559 km (347 mi) orbit at an inclination of 43° to expand internet constellation.","Launch of 23 Starlink v2 mini satellites, including 13 with direct-to-cell connectivity, to a 559 km (347 mi) orbit at an inclination of 43° to expand internet constellation.",Other,"Launch of 23 Starlink v2 mini satellites, including 13 with direct-to-cell connectivity, to a 559 km (347 mi) orbit at an inclination of 43° to expand internet constellation.","Launch of 23 Starlink v2 mini satellites, including 13 with direct-to-cell connectivity, to a 559 km (347 mi) orbit at an inclination of 43° to expand internet constellation.",Other,"Launch of 23 Starlink v2 mini satellites, including 13 with direct-to-cell connectivity, to a 559 km (347 mi) orbit at an inclination of 43° to expand internet constellation.","Launch of 23 Starlink v2 mini satellites, including 13 with direct-to-cell connectivity, to a 559 km (347 mi) orbit at an inclination of 43° to expand internet constellation.","Launch of 23 Starlink v2 mini satellites, including 13 with direct-to-cell connectivity, to a 559 km (347 mi) orbit at an inclination of 43° to expand internet constellation.",,23.0,0
491,"June 17, 2025 03:36[133]",F9 B5 B1093‑3,VSFB,Starlink: Group 15-9,"~14,950 kg (32,960 lb)",LEO,SpaceX,Success,Success (OCISLY),,14950.0,1
491,Launch of 26 Starlink v2 mini optimized satellites to a 535 km (332 mi) orbit at an inclination of 70° to expand internet constellation.,Launch of 26 Starlink v2 mini optimized satellites to a 535 km (332 mi) orbit at an inclination of 70° to expand internet constellation.,Other,Launch of 26 Starlink v2 mini optimized satellites to a 535 km (332 mi) orbit at an inclination of 70° to expand internet constellation.,Launch of 26 Starlink v2 mini optimized satellites to a 535 km (332 mi) orbit at an inclination of 70° to expand internet constellation.,Other,Launch of 26 Starlink v2 mini optimized satellites to a 535 km (332 mi) orbit at an inclination of 70° to expand internet constellation.,Launch of 26 Starlink v2 mini optimized satellites to a 535 km (332 mi) orbit at an inclination of 70° to expand internet constellation.,Launch of 26 Starlink v2 mini optimized satellites to a 535 km (332 mi) orbit at an inclination of 70° to expand internet constellation.,,26.0,0
492,"June 18, 2025 05:55[134]",F9 B5 B1090‑5,CCSFS,Starlink: Group 10-18,"~16,100 kg (35,500 lb)",LEO,SpaceX,Success,Success (JRTI),,16100.0,1
492,Launch of 28 Starlink v2 mini optimized satellites to a 279 km (173 mi) orbit at an inclination of 53° to expand internet constellation.,Launch of 28 Starlink v2 mini optimized satellites to a 279 km (173 mi) orbit at an inclination of 53° to expand internet constellation.,Other,Launch of 28 Starlink v2 mini optimized satellites to a 279 km (173 mi) orbit at an inclination of 53° to expand internet constellation.,Launch of 28 Starlink v2 mini optimized satellites to a 279 km (173 mi) orbit at an inclination of 53° to expand internet constellation.,Other,Launch of 28 Starlink v2 mini optimized satellites to a 279 km (173 mi) orbit at an inclination of 53° to expand internet constellation.,Launch of 28 Starlink v2 mini optimized satellites to a 279 km (173 mi) orbit at an inclination of 53° to expand internet constellation.,Launch of 28 Starlink v2 mini optimized satellites to a 279 km (173 mi) orbit at an inclination of 53° to expand internet constellation.,,28.0,0
493,"June 23, 2025 05:58[135]",F9 B5 B1069‑25,CCSFS,Starlink: Group 10-23,"~15,500 kg (34,200 lb)",LEO,SpaceX,Success,Success (ASOG),,15500.0,1
493,Launch of 27 Starlink v2 mini optimized satellites to a 279 km (173 mi) orbit at an inclination of 53° to expand internet constellation.,Launch of 27 Starlink v2 mini optimized satellites to a 279 km (173 mi) orbit at an inclination of 53° to expand internet constellation.,Other,Launch of 27 Starlink v2 mini optimized satellites to a 279 km (173 mi) orbit at an inclination of 53° to expand internet constellation.,Launch of 27 Starlink v2 mini optimized satellites to a 279 km (173 mi) orbit at an inclination of 53° to expand internet constellation.,Other,Launch of 27 Starlink v2 mini optimized satellites to a 279 km (173 mi) orbit at an inclination of 53° to expand internet constellation.,Launch of 27 Starlink v2 mini optimized satellites to a 279 km (173 mi) orbit at an inclination of 53° to expand internet constellation.,Launch of 27 Starlink v2 mini optimized satellites to a 279 km (173 mi) orbit at an inclination of 53° to expand internet constellation.,,27.0,0
494,"June 23, 2025 21:25[136]",F9 B5 B1071‑26,VSFB,Transporter-14 (70 payloads smallsat rideshare)[82],Unknown[k],SSO,Various,Success,Success (OCISLY),,6920.564516129032,1
494,Dedicated SmallSat rideshare mission to sun-synchronous orbit.,Dedicated SmallSat rideshare mission to sun-synchronous orbit.,Other,Dedicated SmallSat rideshare mission to sun-synchronous orbit.,Dedicated SmallSat rideshare mission to sun-synchronous orbit.,SSO,Dedicated SmallSat rideshare mission to sun-synchronous orbit.,Dedicated SmallSat rideshare mission to sun-synchronous orbit.,Dedicated SmallSat rideshare mission to sun-synchronous orbit.,,6920.564516129032,0
495,"June 25, 2025 06:31[137]",F9 B5 B1094‑2,KSC,Axiom Mission 4 (Crew Dragon C213-1 Grace),"~13,000 kg (29,000 lb)",LEO,Axiom Space,Success,Success (LZ‑1),,13000.0,1
495,"Fully private flight to the ISS.[138] The crew consisted of Axiom Commander Peggy Whitson, Pilot Shubhanshu Shukla of the ISRO and mission specialists Sławosz Uznański-Wiśniewski of ESA/POLSA and Tibor Kapu of Hungary.","Fully private flight to the ISS.[138] The crew consisted of Axiom Commander Peggy Whitson, Pilot Shubhanshu Shukla of the ISRO and mission specialists Sławosz Uznański-Wiśniewski of ESA/POLSA and Tibor Kapu of Hungary.",Other,"Fully private flight to the ISS.[138] The crew consisted of Axiom Commander Peggy Whitson, Pilot Shubhanshu Shukla of the ISRO and mission specialists Sławosz Uznański-Wiśniewski of ESA/POLSA and Tibor Kapu of Hungary.","Fully private flight to the ISS.[138] The crew consisted of Axiom Commander Peggy Whitson, Pilot Shubhanshu Shukla of the ISRO and mission specialists Sławosz Uznański-Wiśniewski of ESA/POLSA and Tibor Kapu of Hungary.",PO,"Fully private flight to the ISS.[138] The crew consisted of Axiom Commander Peggy Whitson, Pilot Shubhanshu Shukla of the ISRO and mission specialists Sławosz Uznański-Wiśniewski of ESA/POLSA and Tibor Kapu of Hungary.","Fully private flight to the ISS.[138] The crew consisted of Axiom Commander Peggy Whitson, Pilot Shubhanshu Shukla of the ISRO and mission specialists Sławosz Uznański-Wiśniewski of ESA/POLSA and Tibor Kapu of Hungary.","Fully private flight to the ISS.[138] The crew consisted of Axiom Commander Peggy Whitson, Pilot Shubhanshu Shukla of the ISRO and mission specialists Sławosz Uznański-Wiśniewski of ESA/POLSA and Tibor Kapu of Hungary.",,138.0,0
496,"June 25, 2025 19:54[139]",F9 B5 B1080‑20,CCSFS,Starlink: Group 10-16,"~15,500 kg (34,200 lb)",LEO,SpaceX,Success,Success (JRTI),,15500.0,1
496,Launch of 27 Starlink v2 mini optimized satellites to a 279 km (173 mi) orbit at an inclination of 53° to expand internet constellation. The active fairing half flew for record 32th time as per launch webcasts.,Launch of 27 Starlink v2 mini optimized satellites to a 279 km (173 mi) orbit at an inclination of 53° to expand internet constellation. The active fairing half flew for record 32th time as per launch webcasts.,Other,Launch of 27 Starlink v2 mini optimized satellites to a 279 km (173 mi) orbit at an inclination of 53° to expand internet constellation. The active fairing half flew for record 32th time as per launch webcasts.,Launch of 27 Starlink v2 mini optimized satellites to a 279 km (173 mi) orbit at an inclination of 53° to expand internet constellation. The active fairing half flew for record 32th time as per launch webcasts.,Other,Launch of 27 Starlink v2 mini optimized satellites to a 279 km (173 mi) orbit at an inclination of 53° to expand internet constellation. The active fairing half flew for record 32th time as per launch webcasts.,Launch of 27 Starlink v2 mini optimized satellites to a 279 km (173 mi) orbit at an inclination of 53° to expand internet constellation. The active fairing half flew for record 32th time as per launch webcasts.,Launch of 27 Starlink v2 mini optimized satellites to a 279 km (173 mi) orbit at an inclination of 53° to expand internet constellation. The active fairing half flew for record 32th time as per launch webcasts.,,27.0,0
497,"June 28, 2025 04:26[140]",F9 B5 B1092‑5,CCSFS,Starlink: Group 10-34,"~15,500 kg (34,200 lb)",LEO,SpaceX,Success,Success (ASOG),,15500.0,1
497,Launch of 27 Starlink v2 mini optimized satellites to a 279 km (173 mi) orbit at an inclination of 53° to expand internet constellation. 1st time flying a fairing half for the 32nd time.,Launch of 27 Starlink v2 mini optimized satellites to a 279 km (173 mi) orbit at an inclination of 53° to expand internet constellation. 1st time flying a fairing half for the 32nd time.,Other,Launch of 27 Starlink v2 mini optimized satellites to a 279 km (173 mi) orbit at an inclination of 53° to expand internet constellation. 1st time flying a fairing half for the 32nd time.,Launch of 27 Starlink v2 mini optimized satellites to a 279 km (173 mi) orbit at an inclination of 53° to expand internet constellation. 1st time flying a fairing half for the 32nd time.,Other,Launch of 27 Starlink v2 mini optimized satellites to a 279 km (173 mi) orbit at an inclination of 53° to expand internet constellation. 1st time flying a fairing half for the 32nd time.,Launch of 27 Starlink v2 mini optimized satellites to a 279 km (173 mi) orbit at an inclination of 53° to expand internet constellation. 1st time flying a fairing half for the 32nd time.,Launch of 27 Starlink v2 mini optimized satellites to a 279 km (173 mi) orbit at an inclination of 53° to expand internet constellation. 1st time flying a fairing half for the 32nd time.,,27.0,0
498,"June 28, 2025 17:13[140]",F9 B5 B1088‑8,VSFB,Starlink: Group 15-7,"~14,950 kg (32,960 lb)",LEO,SpaceX,Success,Success (OCISLY),,14950.0,1
498,"Launch of 26 Starlink v2 mini optimized satellites to a 535 km (332 mi) orbit at an inclination of 70° to expand internet constellation. Fastest turnaround between two launches from a single pad (56 hours, 31 minutes and 10sec apart), three launches from a single pad (118 hours 27 minutes 30 seconds) and for barge from preceding landed booster arrival onshore to next launch (5 days).","Launch of 26 Starlink v2 mini optimized satellites to a 535 km (332 mi) orbit at an inclination of 70° to expand internet constellation. Fastest turnaround between two launches from a single pad (56 hours, 31 minutes and 10sec apart), three launches from a single pad (118 hours 27 minutes 30 seconds) and for barge from preceding landed booster arrival onshore to next launch (5 days).",Other,"Launch of 26 Starlink v2 mini optimized satellites to a 535 km (332 mi) orbit at an inclination of 70° to expand internet constellation. Fastest turnaround between two launches from a single pad (56 hours, 31 minutes and 10sec apart), three launches from a single pad (118 hours 27 minutes 30 seconds) and for barge from preceding landed booster arrival onshore to next launch (5 days).","Launch of 26 Starlink v2 mini optimized satellites to a 535 km (332 mi) orbit at an inclination of 70° to expand internet constellation. Fastest turnaround between two launches from a single pad (56 hours, 31 minutes and 10sec apart), three launches from a single pad (118 hours 27 minutes 30 seconds) and for barge from preceding landed booster arrival onshore to next launch (5 days).",Other,"Launch of 26 Starlink v2 mini optimized satellites to a 535 km (332 mi) orbit at an inclination of 70° to expand internet constellation. Fastest turnaround between two launches from a single pad (56 hours, 31 minutes and 10sec apart), three launches from a single pad (118 hours 27 minutes 30 seconds) and for barge from preceding landed booster arrival onshore to next launch (5 days).","Launch of 26 Starlink v2 mini optimized satellites to a 535 km (332 mi) orbit at an inclination of 70° to expand internet constellation. Fastest turnaround between two launches from a single pad (56 hours, 31 minutes and 10sec apart), three launches from a single pad (118 hours 27 minutes 30 seconds) and for barge from preceding landed booster arrival onshore to next launch (5 days).","Launch of 26 Starlink v2 mini optimized satellites to a 535 km (332 mi) orbit at an inclination of 70° to expand internet constellation. Fastest turnaround between two launches from a single pad (56 hours, 31 minutes and 10sec apart), three launches from a single pad (118 hours 27 minutes 30 seconds) and for barge from preceding landed booster arrival onshore to next launch (5 days).",,26.0,0
499,"July 1, 2025 21:04[141]",F9 B5 B1085‑9,KSC,MTG-S1 / Sentinel-4A[142],"3,800 kg (8,400 lb)",GTO,EUMETSAT,Success,Success (JRTI),,3800.0,1
499,Geostationary weather satellite. Launch vehicle changed from Ariane 6 to Falcon 9.[142],Geostationary weather satellite. Launch vehicle changed from Ariane 6 to Falcon 9.[142],Other,Geostationary weather satellite. Launch vehicle changed from Ariane 6 to Falcon 9.[142],Geostationary weather satellite. Launch vehicle changed from Ariane 6 to Falcon 9.[142],GTO,Geostationary weather satellite. Launch vehicle changed from Ariane 6 to Falcon 9.[142],Geostationary weather satellite. Launch vehicle changed from Ariane 6 to Falcon 9.[142],Geostationary weather satellite. Launch vehicle changed from Ariane 6 to Falcon 9.[142],,6.0,0
500,"July 2, 2025 06:28[143]",F9 B5 B1067‑29,CCSFS,Starlink: Group 10-25,"~15,500 kg (34,200 lb)",LEO,SpaceX,Success,Success (ASOG),,15500.0,1
500,"Launch of 27 Starlink v2 mini optimized satellites to a 279 km (173 mi) orbit at an inclination of 53° to expand internet constellation. 500th launch of Falcon 9. First booster to fly 29th time, new record.","Launch of 27 Starlink v2 mini optimized satellites to a 279 km (173 mi) orbit at an inclination of 53° to expand internet constellation. 500th launch of Falcon 9. First booster to fly 29th time, new record.",Other,"Launch of 27 Starlink v2 mini optimized satellites to a 279 km (173 mi) orbit at an inclination of 53° to expand internet constellation. 500th launch of Falcon 9. First booster to fly 29th time, new record.","Launch of 27 Starlink v2 mini optimized satellites to a 279 km (173 mi) orbit at an inclination of 53° to expand internet constellation. 500th launch of Falcon 9. First booster to fly 29th time, new record.",Other,"Launch of 27 Starlink v2 mini optimized satellites to a 279 km (173 mi) orbit at an inclination of 53° to expand internet constellation. 500th launch of Falcon 9. First booster to fly 29th time, new record.","Launch of 27 Starlink v2 mini optimized satellites to a 279 km (173 mi) orbit at an inclination of 53° to expand internet constellation. 500th launch of Falcon 9. First booster to fly 29th time, new record.","Launch of 27 Starlink v2 mini optimized satellites to a 279 km (173 mi) orbit at an inclination of 53° to expand internet constellation. 500th launch of Falcon 9. First booster to fly 29th time, new record.",,27.0,0
501,"July 8, 2025 08:21[144]",F9 B5 B1077‑22,CCSFS,Starlink: Group 10-28,"~16,100 kg (35,500 lb)",LEO,SpaceX,Success,Success (ASOG),,16100.0,1
501,Launch of 28 Starlink v2 mini optimized satellites to a 279 km (173 mi) orbit at an inclination of 53° to expand internet constellation. 500th orbital launch of Falcon 9.,Launch of 28 Starlink v2 mini optimized satellites to a 279 km (173 mi) orbit at an inclination of 53° to expand internet constellation. 500th orbital launch of Falcon 9.,Other,Launch of 28 Starlink v2 mini optimized satellites to a 279 km (173 mi) orbit at an inclination of 53° to expand internet constellation. 500th orbital launch of Falcon 9.,Launch of 28 Starlink v2 mini optimized satellites to a 279 km (173 mi) orbit at an inclination of 53° to expand internet constellation. 500th orbital launch of Falcon 9.,Other,Launch of 28 Starlink v2 mini optimized satellites to a 279 km (173 mi) orbit at an inclination of 53° to expand internet constellation. 500th orbital launch of Falcon 9.,Launch of 28 Starlink v2 mini optimized satellites to a 279 km (173 mi) orbit at an inclination of 53° to expand internet constellation. 500th orbital launch of Falcon 9.,Launch of 28 Starlink v2 mini optimized satellites to a 279 km (173 mi) orbit at an inclination of 53° to expand internet constellation. 500th orbital launch of Falcon 9.,,28.0,0
502,"July 13, 2025 05:04[145]",F9 B5 B1083‑13,CCSFS,Dror-1 [he],"4,000 kg (8,800 lb)",GTO,IAI,Success,Success (JRTI),,4000.0,1
502,Launch of the Dror 1 geostationary communication satellite built and developed by Israel Aerospace Industries (IAI). 500th successful launch of Falcon 9.[146][147],Launch of the Dror 1 geostationary communication satellite built and developed by Israel Aerospace Industries (IAI). 500th successful launch of Falcon 9.[146][147],Other,Launch of the Dror 1 geostationary communication satellite built and developed by Israel Aerospace Industries (IAI). 500th successful launch of Falcon 9.[146][147],Launch of the Dror 1 geostationary communication satellite built and developed by Israel Aerospace Industries (IAI). 500th successful launch of Falcon 9.[146][147],GTO,Launch of the Dror 1 geostationary communication satellite built and developed by Israel Aerospace Industries (IAI). 500th successful launch of Falcon 9.[146][147],Launch of the Dror 1 geostationary communication satellite built and developed by Israel Aerospace Industries (IAI). 500th successful launch of Falcon 9.[146][147],Launch of the Dror 1 geostationary communication satellite built and developed by Israel Aerospace Industries (IAI). 500th successful launch of Falcon 9.[146][147],,1.0,1
503,"July 16, 2025 02:05[148]",F9 B5 B1093‑4,VSFB,Starlink: Group 15-2,"~14,950 kg (32,960 lb)",LEO,SpaceX,Success,Success (OCISLY),,14950.0,1
503,Launch of 26 Starlink v2 mini optimized satellites to a 295 km (183 mi) orbit at an inclination of 70° to expand internet constellation.,Launch of 26 Starlink v2 mini optimized satellites to a 295 km (183 mi) orbit at an inclination of 70° to expand internet constellation.,Other,Launch of 26 Starlink v2 mini optimized satellites to a 295 km (183 mi) orbit at an inclination of 70° to expand internet constellation.,Launch of 26 Starlink v2 mini optimized satellites to a 295 km (183 mi) orbit at an inclination of 70° to expand internet constellation.,Other,Launch of 26 Starlink v2 mini optimized satellites to a 295 km (183 mi) orbit at an inclination of 70° to expand internet constellation.,Launch of 26 Starlink v2 mini optimized satellites to a 295 km (183 mi) orbit at an inclination of 70° to expand internet constellation.,Launch of 26 Starlink v2 mini optimized satellites to a 295 km (183 mi) orbit at an inclination of 70° to expand internet constellation.,,26.0,0
504,"July 16, 2025 06:30[149]",F9 B5 B1096‑1,CCSFS,KuiperSat × 24 (KF-01),"~14,784 kg (32,593 lb)",LEO,Amazon (Kuiper Systems),Success,Success (ASOG),,14784.0,1
504,First of three Falcon 9 launches in support of Amazon's Project Kuiper internet constellation.[150][151] First Kuiper launch on a rocket other than Atlas V.,First of three Falcon 9 launches in support of Amazon's Project Kuiper internet constellation.[150][151] First Kuiper launch on a rocket other than Atlas V.,Other,First of three Falcon 9 launches in support of Amazon's Project Kuiper internet constellation.[150][151] First Kuiper launch on a rocket other than Atlas V.,First of three Falcon 9 launches in support of Amazon's Project Kuiper internet constellation.[150][151] First Kuiper launch on a rocket other than Atlas V.,PO,First of three Falcon 9 launches in support of Amazon's Project Kuiper internet constellation.[150][151] First Kuiper launch on a rocket other than Atlas V.,First of three Falcon 9 launches in support of Amazon's Project Kuiper internet constellation.[150][151] First Kuiper launch on a rocket other than Atlas V.,First of three Falcon 9 launches in support of Amazon's Project Kuiper internet constellation.[150][151] First Kuiper launch on a rocket other than Atlas V.,,9.0,0
505,"July 19, 2025 03:52[152]",F9 B5 B1082‑14,VSFB,Starlink: Group 17-3,"~17,500 kg (38,600 lb)",SSO,SpaceX,Success,Success (OCISLY),,17500.0,1
505,Launch of 24 Starlink v2 mini satellites to a 560 km (350 mi) orbit at an inclination of 97° to expand internet constellation.,Launch of 24 Starlink v2 mini satellites to a 560 km (350 mi) orbit at an inclination of 97° to expand internet constellation.,Other,Launch of 24 Starlink v2 mini satellites to a 560 km (350 mi) orbit at an inclination of 97° to expand internet constellation.,Launch of 24 Starlink v2 mini satellites to a 560 km (350 mi) orbit at an inclination of 97° to expand internet constellation.,Other,Launch of 24 Starlink v2 mini satellites to a 560 km (350 mi) orbit at an inclination of 97° to expand internet constellation.,Launch of 24 Starlink v2 mini satellites to a 560 km (350 mi) orbit at an inclination of 97° to expand internet constellation.,Launch of 24 Starlink v2 mini satellites to a 560 km (350 mi) orbit at an inclination of 97° to expand internet constellation.,,24.0,0
506,"July 22, 2025 21:12[153]",F9 B5 B1090‑6,CCSFS,O3b mPOWER 9 & 10,"3,400 kg (7,500 lb)",MEO,SES,Success,Success (JRTI),,3400.0,1
506,"Launch of two O3b mPOWER satellites, a system operated by SES that delivers high-throughput, low-latency global broadband from medium Earth orbit using dynamic beam shaping.","Launch of two O3b mPOWER satellites, a system operated by SES that delivers high-throughput, low-latency global broadband from medium Earth orbit using dynamic beam shaping.",Other,"Launch of two O3b mPOWER satellites, a system operated by SES that delivers high-throughput, low-latency global broadband from medium Earth orbit using dynamic beam shaping.","Launch of two O3b mPOWER satellites, a system operated by SES that delivers high-throughput, low-latency global broadband from medium Earth orbit using dynamic beam shaping.",PO,"Launch of two O3b mPOWER satellites, a system operated by SES that delivers high-throughput, low-latency global broadband from medium Earth orbit using dynamic beam shaping.","Launch of two O3b mPOWER satellites, a system operated by SES that delivers high-throughput, low-latency global broadband from medium Earth orbit using dynamic beam shaping.","Launch of two O3b mPOWER satellites, a system operated by SES that delivers high-throughput, low-latency global broadband from medium Earth orbit using dynamic beam shaping.",,3.0,0
507,"July 23, 2025 18:13[154]",F9 B5 B1081‑16,VSFB,TRACERS (2 satellites) + 5 rideshares,"~920 kg (2,030 lb)",SSO,NASA,Success,Success (LZ‑4),,920.0,1
507,"Tandem Reconnection and Cusp Electrodynamics Reconnaissance Satellites (TRACERS) is a Small Explorers program mission. Additional scientific SmallSat missions will rideshare: PExT Demo (Polylingual Experimental Terminal), Athena EPIC (Economical Payload Integration Cost), REAL (Realistic Electron Atmospheric Loss), 5 × Skykraft 4 space-based air traffic management satellites and LIDE (Direct Access Live Demonstration).","Tandem Reconnection and Cusp Electrodynamics Reconnaissance Satellites (TRACERS) is a Small Explorers program mission. Additional scientific SmallSat missions will rideshare: PExT Demo (Polylingual Experimental Terminal), Athena EPIC (Economical Payload Integration Cost), REAL (Realistic Electron Atmospheric Loss), 5 × Skykraft 4 space-based air traffic management satellites and LIDE (Direct Access Live Demonstration).",Other,"Tandem Reconnection and Cusp Electrodynamics Reconnaissance Satellites (TRACERS) is a Small Explorers program mission. Additional scientific SmallSat missions will rideshare: PExT Demo (Polylingual Experimental Terminal), Athena EPIC (Economical Payload Integration Cost), REAL (Realistic Electron Atmospheric Loss), 5 × Skykraft 4 space-based air traffic management satellites and LIDE (Direct Access Live Demonstration).","Tandem Reconnection and Cusp Electrodynamics Reconnaissance Satellites (TRACERS) is a Small Explorers program mission. Additional scientific SmallSat missions will rideshare: PExT Demo (Polylingual Experimental Terminal), Athena EPIC (Economical Payload Integration Cost), REAL (Realistic Electron Atmospheric Loss), 5 × Skykraft 4 space-based air traffic management satellites and LIDE (Direct Access Live Demonstration).",PO,"Tandem Reconnection and Cusp Electrodynamics Reconnaissance Satellites (TRACERS) is a Small Explorers program mission. Additional scientific SmallSat missions will rideshare: PExT Demo (Polylingual Experimental Terminal), Athena EPIC (Economical Payload Integration Cost), REAL (Realistic Electron Atmospheric Loss), 5 × Skykraft 4 space-based air traffic management satellites and LIDE (Direct Access Live Demonstration).","Tandem Reconnection and Cusp Electrodynamics Reconnaissance Satellites (TRACERS) is a Small Explorers program mission. Additional scientific SmallSat missions will rideshare: PExT Demo (Polylingual Experimental Terminal), Athena EPIC (Economical Payload Integration Cost), REAL (Realistic Electron Atmospheric Loss), 5 × Skykraft 4 space-based air traffic management satellites and LIDE (Direct Access Live Demonstration).","Tandem Reconnection and Cusp Electrodynamics Reconnaissance Satellites (TRACERS) is a Small Explorers program mission. Additional scientific SmallSat missions will rideshare: PExT Demo (Polylingual Experimental Terminal), Athena EPIC (Economical Payload Integration Cost), REAL (Realistic Electron Atmospheric Loss), 5 × Skykraft 4 space-based air traffic management satellites and LIDE (Direct Access Live Demonstration).",,5.0,0
508,"July 26, 2025 09:01[155]",F9 B5 B1078‑22,CCSFS,Starlink: Group 10-26,"~16,100 kg (35,500 lb)",LEO,SpaceX,Success,Success (ASOG),,16100.0,1
508,Launch of 28 Starlink v2 mini optimized satellites to a 279 km (173 mi) orbit at an inclination of 53° to expand internet constellation.,Launch of 28 Starlink v2 mini optimized satellites to a 279 km (173 mi) orbit at an inclination of 53° to expand internet constellation.,Other,Launch of 28 Starlink v2 mini optimized satellites to a 279 km (173 mi) orbit at an inclination of 53° to expand internet constellation.,Launch of 28 Starlink v2 mini optimized satellites to a 279 km (173 mi) orbit at an inclination of 53° to expand internet constellation.,Other,Launch of 28 Starlink v2 mini optimized satellites to a 279 km (173 mi) orbit at an inclination of 53° to expand internet constellation.,Launch of 28 Starlink v2 mini optimized satellites to a 279 km (173 mi) orbit at an inclination of 53° to expand internet constellation.,Launch of 28 Starlink v2 mini optimized satellites to a 279 km (173 mi) orbit at an inclination of 53° to expand internet constellation.,,28.0,0
509,"July 27, 2025 04:31[156]",F9 B5 B1075‑19,VSFB,Starlink: Group 17-2,"~17,500 kg (38,600 lb)",SSO,SpaceX,Success,Success (OCISLY),,17500.0,1
509,Launch of 24 Starlink v2 mini satellites to a 560 km (350 mi) orbit at an inclination of 97° to expand internet constellation.,Launch of 24 Starlink v2 mini satellites to a 560 km (350 mi) orbit at an inclination of 97° to expand internet constellation.,Other,Launch of 24 Starlink v2 mini satellites to a 560 km (350 mi) orbit at an inclination of 97° to expand internet constellation.,Launch of 24 Starlink v2 mini satellites to a 560 km (350 mi) orbit at an inclination of 97° to expand internet constellation.,Other,Launch of 24 Starlink v2 mini satellites to a 560 km (350 mi) orbit at an inclination of 97° to expand internet constellation.,Launch of 24 Starlink v2 mini satellites to a 560 km (350 mi) orbit at an inclination of 97° to expand internet constellation.,Launch of 24 Starlink v2 mini satellites to a 560 km (350 mi) orbit at an inclination of 97° to expand internet constellation.,,24.0,0
510,"July 30, 2025 03:37[157]",F9 B5 B1069‑26,CCSFS,Starlink: Group 10-29,"~16,100 kg (35,500 lb)",LEO,SpaceX,Success,Success (JRTI),,16100.0,1
510,Launch of 28 Starlink v2 mini optimized satellites to a 279 km (173 mi) orbit at an inclination of 53° to expand internet constellation.,Launch of 28 Starlink v2 mini optimized satellites to a 279 km (173 mi) orbit at an inclination of 53° to expand internet constellation.,Other,Launch of 28 Starlink v2 mini optimized satellites to a 279 km (173 mi) orbit at an inclination of 53° to expand internet constellation.,Launch of 28 Starlink v2 mini optimized satellites to a 279 km (173 mi) orbit at an inclination of 53° to expand internet constellation.,Other,Launch of 28 Starlink v2 mini optimized satellites to a 279 km (173 mi) orbit at an inclination of 53° to expand internet constellation.,Launch of 28 Starlink v2 mini optimized satellites to a 279 km (173 mi) orbit at an inclination of 53° to expand internet constellation.,Launch of 28 Starlink v2 mini optimized satellites to a 279 km (173 mi) orbit at an inclination of 53° to expand internet constellation.,,28.0,0
511,"July 31, 2025 18:35[158]",F9 B5 B1071‑27,VSFB,Starlink: Group 13-4 + 2 Starshield satellites[159],"~14,060 kg (31,000 lb) (Starlink)",SSO,SpaceX,Success,Success (OCISLY),,14060.0,1
511,"Launch of 19 Starlink v2 mini satellites to a 325 km (202 mi) orbit at an inclination of 97° to expand internet constellation. Two Starshield onboard this starlink group, and there were no views of second stage during launch.","Launch of 19 Starlink v2 mini satellites to a 325 km (202 mi) orbit at an inclination of 97° to expand internet constellation. Two Starshield onboard this starlink group, and there were no views of second stage during launch.",Other,"Launch of 19 Starlink v2 mini satellites to a 325 km (202 mi) orbit at an inclination of 97° to expand internet constellation. Two Starshield onboard this starlink group, and there were no views of second stage during launch.","Launch of 19 Starlink v2 mini satellites to a 325 km (202 mi) orbit at an inclination of 97° to expand internet constellation. Two Starshield onboard this starlink group, and there were no views of second stage during launch.",Other,"Launch of 19 Starlink v2 mini satellites to a 325 km (202 mi) orbit at an inclination of 97° to expand internet constellation. Two Starshield onboard this starlink group, and there were no views of second stage during launch.","Launch of 19 Starlink v2 mini satellites to a 325 km (202 mi) orbit at an inclination of 97° to expand internet constellation. Two Starshield onboard this starlink group, and there were no views of second stage during launch.","Launch of 19 Starlink v2 mini satellites to a 325 km (202 mi) orbit at an inclination of 97° to expand internet constellation. Two Starshield onboard this starlink group, and there were no views of second stage during launch.",,19.0,0
512,"August 1, 2025 15:43[160]",F9 B5 B1094‑3,KSC,Crew-11 (Crew Dragon C206-6 Endeavour),"~13,000 kg (29,000 lb)",LEO,NASA (CCP),Success,Success (LZ‑1),,13000.0,1
512,"Long-duration mission. Will ferry four Expedition 73 / 74 crew members to the ISS. Endeavour is the first Dragon to fly beyond the initial certification of 5 flights per Dragon. During a press conference before Crew-11, Gerstenmaier said the landing of B1094 will be the final use of Landing Zone 1, but they will continue to use Landing Zone 2. That site, Launch Complex 13, is being transitioned back to a launch pad to be jointly used by Phantom Space Corporation and Vaya Space, while SpaceX will make new landing pads within the vicinity of LC‑39A and SLC‑40.[161] Fastest Crew Dragon rendezvous to date.","Long-duration mission. Will ferry four Expedition 73 / 74 crew members to the ISS. Endeavour is the first Dragon to fly beyond the initial certification of 5 flights per Dragon. During a press conference before Crew-11, Gerstenmaier said the landing of B1094 will be the final use of Landing Zone 1, but they will continue to use Landing Zone 2. That site, Launch Complex 13, is being transitioned back to a launch pad to be jointly used by Phantom Space Corporation and Vaya Space, while SpaceX will make new landing pads within the vicinity of LC‑39A and SLC‑40.[161] Fastest Crew Dragon rendezvous to date.",Other,"Long-duration mission. Will ferry four Expedition 73 / 74 crew members to the ISS. Endeavour is the first Dragon to fly beyond the initial certification of 5 flights per Dragon. During a press conference before Crew-11, Gerstenmaier said the landing of B1094 will be the final use of Landing Zone 1, but they will continue to use Landing Zone 2. That site, Launch Complex 13, is being transitioned back to a launch pad to be jointly used by Phantom Space Corporation and Vaya Space, while SpaceX will make new landing pads within the vicinity of LC‑39A and SLC‑40.[161] Fastest Crew Dragon rendezvous to date.","Long-duration mission. Will ferry four Expedition 73 / 74 crew members to the ISS. Endeavour is the first Dragon to fly beyond the initial certification of 5 flights per Dragon. During a press conference before Crew-11, Gerstenmaier said the landing of B1094 will be the final use of Landing Zone 1, but they will continue to use Landing Zone 2. That site, Launch Complex 13, is being transitioned back to a launch pad to be jointly used by Phantom Space Corporation and Vaya Space, while SpaceX will make new landing pads within the vicinity of LC‑39A and SLC‑40.[161] Fastest Crew Dragon rendezvous to date.",PO,"Long-duration mission. Will ferry four Expedition 73 / 74 crew members to the ISS. Endeavour is the first Dragon to fly beyond the initial certification of 5 flights per Dragon. During a press conference before Crew-11, Gerstenmaier said the landing of B1094 will be the final use of Landing Zone 1, but they will continue to use Landing Zone 2. That site, Launch Complex 13, is being transitioned back to a launch pad to be jointly used by Phantom Space Corporation and Vaya Space, while SpaceX will make new landing pads within the vicinity of LC‑39A and SLC‑40.[161] Fastest Crew Dragon rendezvous to date.","Long-duration mission. Will ferry four Expedition 73 / 74 crew members to the ISS. Endeavour is the first Dragon to fly beyond the initial certification of 5 flights per Dragon. During a press conference before Crew-11, Gerstenmaier said the landing of B1094 will be the final use of Landing Zone 1, but they will continue to use Landing Zone 2. That site, Launch Complex 13, is being transitioned back to a launch pad to be jointly used by Phantom Space Corporation and Vaya Space, while SpaceX will make new landing pads within the vicinity of LC‑39A and SLC‑40.[161] Fastest Crew Dragon rendezvous to date.","Long-duration mission. Will ferry four Expedition 73 / 74 crew members to the ISS. Endeavour is the first Dragon to fly beyond the initial certification of 5 flights per Dragon. During a press conference before Crew-11, Gerstenmaier said the landing of B1094 will be the final use of Landing Zone 1, but they will continue to use Landing Zone 2. That site, Launch Complex 13, is being transitioned back to a launch pad to be jointly used by Phantom Space Corporation and Vaya Space, while SpaceX will make new landing pads within the vicinity of LC‑39A and SLC‑40.[161] Fastest Crew Dragon rendezvous to date.",,73.0,0
513,"August 4, 2025 07:57[162]",F9 B5 B1080‑21,CCSFS,Starlink: Group 10-30,"~16,100 kg (35,500 lb)",LEO,SpaceX,Success,Success (JRTI),,16100.0,1
513,Launch of 28 Starlink v2 mini optimized satellites to a 279 km (173 mi) orbit at an inclination of 53° to expand internet constellation.,Launch of 28 Starlink v2 mini optimized satellites to a 279 km (173 mi) orbit at an inclination of 53° to expand internet constellation.,Other,Launch of 28 Starlink v2 mini optimized satellites to a 279 km (173 mi) orbit at an inclination of 53° to expand internet constellation.,Launch of 28 Starlink v2 mini optimized satellites to a 279 km (173 mi) orbit at an inclination of 53° to expand internet constellation.,Other,Launch of 28 Starlink v2 mini optimized satellites to a 279 km (173 mi) orbit at an inclination of 53° to expand internet constellation.,Launch of 28 Starlink v2 mini optimized satellites to a 279 km (173 mi) orbit at an inclination of 53° to expand internet constellation.,Launch of 28 Starlink v2 mini optimized satellites to a 279 km (173 mi) orbit at an inclination of 53° to expand internet constellation.,,28.0,0
514,"August 11, 2025 12:35[163]",F9 B5 B1091‑1,CCSFS,KuiperSat × 24 (KF-02),"~14,784 kg (32,593 lb)",LEO,Amazon (Kuiper Systems),Success,Success (ASOG),,14784.0,1
514,Second of three Falcon 9 launches in support of Amazon's Project Kuiper internet constellation.[151] First Falcon Heavy core type booster to fly a Falcon 9 mission.[164],Second of three Falcon 9 launches in support of Amazon's Project Kuiper internet constellation.[151] First Falcon Heavy core type booster to fly a Falcon 9 mission.[164],Other,Second of three Falcon 9 launches in support of Amazon's Project Kuiper internet constellation.[151] First Falcon Heavy core type booster to fly a Falcon 9 mission.[164],Second of three Falcon 9 launches in support of Amazon's Project Kuiper internet constellation.[151] First Falcon Heavy core type booster to fly a Falcon 9 mission.[164],PO,Second of three Falcon 9 launches in support of Amazon's Project Kuiper internet constellation.[151] First Falcon Heavy core type booster to fly a Falcon 9 mission.[164],Second of three Falcon 9 launches in support of Amazon's Project Kuiper internet constellation.[151] First Falcon Heavy core type booster to fly a Falcon 9 mission.[164],Second of three Falcon 9 launches in support of Amazon's Project Kuiper internet constellation.[151] First Falcon Heavy core type booster to fly a Falcon 9 mission.[164],,9.0,0
515,"August 14, 2025 05:05[165]",F9 B5 B1093‑5,VSFB,Starlink: Group 17-4,"~17,500 kg (38,600 lb)",SSO,SpaceX,Success,Success (OCISLY),,17500.0,1
515,Launch of 24 Starlink v2 mini satellites to a 560 km (350 mi) orbit at an inclination of 98° to expand internet constellation.,Launch of 24 Starlink v2 mini satellites to a 560 km (350 mi) orbit at an inclination of 98° to expand internet constellation.,Other,Launch of 24 Starlink v2 mini satellites to a 560 km (350 mi) orbit at an inclination of 98° to expand internet constellation.,Launch of 24 Starlink v2 mini satellites to a 560 km (350 mi) orbit at an inclination of 98° to expand internet constellation.,Other,Launch of 24 Starlink v2 mini satellites to a 560 km (350 mi) orbit at an inclination of 98° to expand internet constellation.,Launch of 24 Starlink v2 mini satellites to a 560 km (350 mi) orbit at an inclination of 98° to expand internet constellation.,Launch of 24 Starlink v2 mini satellites to a 560 km (350 mi) orbit at an inclination of 98° to expand internet constellation.,,24.0,0
516,"August 14, 2025 12:29[166]",F9 B5 B1085‑10,CCSFS,Starlink: Group 10-20,"~16,100 kg (35,500 lb)",LEO,SpaceX,Success,Success (JRTI),,16100.0,1
516,Launch of 28 Starlink v2 mini optimized satellites to a 279 km (173 mi) orbit at an inclination of 53° to expand internet constellation. Starlink tested a “mini laser” to allow connectivity for third party satellites and space stations with the Starlink constellation.[167],Launch of 28 Starlink v2 mini optimized satellites to a 279 km (173 mi) orbit at an inclination of 53° to expand internet constellation. Starlink tested a “mini laser” to allow connectivity for third party satellites and space stations with the Starlink constellation.[167],Other,Launch of 28 Starlink v2 mini optimized satellites to a 279 km (173 mi) orbit at an inclination of 53° to expand internet constellation. Starlink tested a “mini laser” to allow connectivity for third party satellites and space stations with the Starlink constellation.[167],Launch of 28 Starlink v2 mini optimized satellites to a 279 km (173 mi) orbit at an inclination of 53° to expand internet constellation. Starlink tested a “mini laser” to allow connectivity for third party satellites and space stations with the Starlink constellation.[167],Other,Launch of 28 Starlink v2 mini optimized satellites to a 279 km (173 mi) orbit at an inclination of 53° to expand internet constellation. Starlink tested a “mini laser” to allow connectivity for third party satellites and space stations with the Starlink constellation.[167],Launch of 28 Starlink v2 mini optimized satellites to a 279 km (173 mi) orbit at an inclination of 53° to expand internet constellation. Starlink tested a “mini laser” to allow connectivity for third party satellites and space stations with the Starlink constellation.[167],Launch of 28 Starlink v2 mini optimized satellites to a 279 km (173 mi) orbit at an inclination of 53° to expand internet constellation. Starlink tested a “mini laser” to allow connectivity for third party satellites and space stations with the Starlink constellation.[167],,28.0,0
517,"August 18, 2025 16:26[168]",F9 B5 B1088‑9,VSFB,Starlink: Group 17-5,"~17,500 kg (38,600 lb)",SSO,SpaceX,Success,Success (OCISLY),,17500.0,1
517,Launch of 24 Starlink v2 mini satellites to a 560 km (350 mi) orbit at an inclination of 98° to expand internet constellation. 100th Falcon 9 launch this year.,Launch of 24 Starlink v2 mini satellites to a 560 km (350 mi) orbit at an inclination of 98° to expand internet constellation. 100th Falcon 9 launch this year.,Other,Launch of 24 Starlink v2 mini satellites to a 560 km (350 mi) orbit at an inclination of 98° to expand internet constellation. 100th Falcon 9 launch this year.,Launch of 24 Starlink v2 mini satellites to a 560 km (350 mi) orbit at an inclination of 98° to expand internet constellation. 100th Falcon 9 launch this year.,Other,Launch of 24 Starlink v2 mini satellites to a 560 km (350 mi) orbit at an inclination of 98° to expand internet constellation. 100th Falcon 9 launch this year.,Launch of 24 Starlink v2 mini satellites to a 560 km (350 mi) orbit at an inclination of 98° to expand internet constellation. 100th Falcon 9 launch this year.,Launch of 24 Starlink v2 mini satellites to a 560 km (350 mi) orbit at an inclination of 98° to expand internet constellation. 100th Falcon 9 launch this year.,,24.0,0
518,"August 22, 2025 03:50[169]",F9 B5 B1092‑6[170],KSC,USSF-36 (Boeing X-37B OTV-8),"~4,990 kg (11,000 lb)",LEO,USSF,Success,Success (LZ‑2),,4990.0,1
518,Launch part of Phase 2 US Space Force contract awarded in 2021.[171],Launch part of Phase 2 US Space Force contract awarded in 2021.[171],Other,Launch part of Phase 2 US Space Force contract awarded in 2021.[171],Launch part of Phase 2 US Space Force contract awarded in 2021.[171],Other,Launch part of Phase 2 US Space Force contract awarded in 2021.[171],Launch part of Phase 2 US Space Force contract awarded in 2021.[171],Launch part of Phase 2 US Space Force contract awarded in 2021.[171],,2.0,0
519,"August 22, 2025 17:04[172]",F9 B5 B1081‑17,VSFB,Starlink: Group 17-6,"~17,500 kg (38,600 lb)",SSO,SpaceX,Success,Success (OCISLY),,17500.0,1
519,Launch of 24 Starlink v2 mini satellites to a 281 km (175 mi) orbit at an inclination of 97° to expand internet constellation.,Launch of 24 Starlink v2 mini satellites to a 281 km (175 mi) orbit at an inclination of 97° to expand internet constellation.,Other,Launch of 24 Starlink v2 mini satellites to a 281 km (175 mi) orbit at an inclination of 97° to expand internet constellation.,Launch of 24 Starlink v2 mini satellites to a 281 km (175 mi) orbit at an inclination of 97° to expand internet constellation.,Other,Launch of 24 Starlink v2 mini satellites to a 281 km (175 mi) orbit at an inclination of 97° to expand internet constellation.,Launch of 24 Starlink v2 mini satellites to a 281 km (175 mi) orbit at an inclination of 97° to expand internet constellation.,Launch of 24 Starlink v2 mini satellites to a 281 km (175 mi) orbit at an inclination of 97° to expand internet constellation.,,24.0,0
520,"August 24, 2025 06:45[173]",F9 B5 B1090‑7,CCSFS,SpaceX CRS-33 (Dragon C211-3),"2,300 kg (5,100 lb)",LEO,NASA (CRS),Success,Success (ASOG),,2300.0,1
520,"Commercial Resupply Services mission to the ISS. For the first time, this mission flew with a ""boost trunk"" with extra propellant and engines to perform re-boosts of the ISS over a period of several months.[174]","Commercial Resupply Services mission to the ISS. For the first time, this mission flew with a ""boost trunk"" with extra propellant and engines to perform re-boosts of the ISS over a period of several months.[174]",Other,"Commercial Resupply Services mission to the ISS. For the first time, this mission flew with a ""boost trunk"" with extra propellant and engines to perform re-boosts of the ISS over a period of several months.[174]","Commercial Resupply Services mission to the ISS. For the first time, this mission flew with a ""boost trunk"" with extra propellant and engines to perform re-boosts of the ISS over a period of several months.[174]",ISS,"Commercial Resupply Services mission to the ISS. For the first time, this mission flew with a ""boost trunk"" with extra propellant and engines to perform re-boosts of the ISS over a period of several months.[174]","Commercial Resupply Services mission to the ISS. For the first time, this mission flew with a ""boost trunk"" with extra propellant and engines to perform re-boosts of the ISS over a period of several months.[174]","Commercial Resupply Services mission to the ISS. For the first time, this mission flew with a ""boost trunk"" with extra propellant and engines to perform re-boosts of the ISS over a period of several months.[174]",,174.0,0
521,"August 26, 2025 18:53[175]",F9 B5 B1063‑27,VSFB,NAOS + 7 rideshares[176],"~1,370 kg (3,020 lb)",SSO,Luxembourg Armed Forces & others,Success,Success (LZ‑4),,1370.0,1
521,"National Advanced Optical System (NAOS) is a military reconnaissance satellite for the Luxembourg Armed Forces. Additional rideshare payloads on this mission: LEAP-1, Pelican-3 & 4, Acadia-6 and FFLY-1, 2 & 3.","National Advanced Optical System (NAOS) is a military reconnaissance satellite for the Luxembourg Armed Forces. Additional rideshare payloads on this mission: LEAP-1, Pelican-3 & 4, Acadia-6 and FFLY-1, 2 & 3.",Other,"National Advanced Optical System (NAOS) is a military reconnaissance satellite for the Luxembourg Armed Forces. Additional rideshare payloads on this mission: LEAP-1, Pelican-3 & 4, Acadia-6 and FFLY-1, 2 & 3.","National Advanced Optical System (NAOS) is a military reconnaissance satellite for the Luxembourg Armed Forces. Additional rideshare payloads on this mission: LEAP-1, Pelican-3 & 4, Acadia-6 and FFLY-1, 2 & 3.",ISS,"National Advanced Optical System (NAOS) is a military reconnaissance satellite for the Luxembourg Armed Forces. Additional rideshare payloads on this mission: LEAP-1, Pelican-3 & 4, Acadia-6 and FFLY-1, 2 & 3.","National Advanced Optical System (NAOS) is a military reconnaissance satellite for the Luxembourg Armed Forces. Additional rideshare payloads on this mission: LEAP-1, Pelican-3 & 4, Acadia-6 and FFLY-1, 2 & 3.","National Advanced Optical System (NAOS) is a military reconnaissance satellite for the Luxembourg Armed Forces. Additional rideshare payloads on this mission: LEAP-1, Pelican-3 & 4, Acadia-6 and FFLY-1, 2 & 3.",,1.0,0
522,"August 27, 2025 11:10[177]",F9 B5 B1095‑2,CCSFS,Starlink: Group 10-56,"~16,100 kg (35,500 lb)",LEO,SpaceX,Success,Success (JRTI),,16100.0,1
522,Launch of 28 Starlink v2 mini optimized satellites to a 279 km (173 mi) orbit at an inclination of 53° to expand internet constellation. 400th droneship landing.,Launch of 28 Starlink v2 mini optimized satellites to a 279 km (173 mi) orbit at an inclination of 53° to expand internet constellation. 400th droneship landing.,Other,Launch of 28 Starlink v2 mini optimized satellites to a 279 km (173 mi) orbit at an inclination of 53° to expand internet constellation. 400th droneship landing.,Launch of 28 Starlink v2 mini optimized satellites to a 279 km (173 mi) orbit at an inclination of 53° to expand internet constellation. 400th droneship landing.,Other,Launch of 28 Starlink v2 mini optimized satellites to a 279 km (173 mi) orbit at an inclination of 53° to expand internet constellation. 400th droneship landing.,Launch of 28 Starlink v2 mini optimized satellites to a 279 km (173 mi) orbit at an inclination of 53° to expand internet constellation. 400th droneship landing.,Launch of 28 Starlink v2 mini optimized satellites to a 279 km (173 mi) orbit at an inclination of 53° to expand internet constellation. 400th droneship landing.,,28.0,0
523,"August 28, 2025 08:12[178]",F9 B5 B1067‑30,KSC,Starlink: Group 10-11,"~16,100 kg (35,500 lb)",LEO,SpaceX,Success,Success (ASOG),,16100.0,1
523,Launch of 28 Starlink v2 mini optimized satellites to a 279 km (173 mi) orbit at an inclination of 53° to expand internet constellation. First booster to fly 30 missions.,Launch of 28 Starlink v2 mini optimized satellites to a 279 km (173 mi) orbit at an inclination of 53° to expand internet constellation. First booster to fly 30 missions.,Other,Launch of 28 Starlink v2 mini optimized satellites to a 279 km (173 mi) orbit at an inclination of 53° to expand internet constellation. First booster to fly 30 missions.,Launch of 28 Starlink v2 mini optimized satellites to a 279 km (173 mi) orbit at an inclination of 53° to expand internet constellation. First booster to fly 30 missions.,ISS,Launch of 28 Starlink v2 mini optimized satellites to a 279 km (173 mi) orbit at an inclination of 53° to expand internet constellation. First booster to fly 30 missions.,Launch of 28 Starlink v2 mini optimized satellites to a 279 km (173 mi) orbit at an inclination of 53° to expand internet constellation. First booster to fly 30 missions.,Launch of 28 Starlink v2 mini optimized satellites to a 279 km (173 mi) orbit at an inclination of 53° to expand internet constellation. First booster to fly 30 missions.,,28.0,0
524,"August 30, 2025 04:59[179]",F9 B5 B1082‑15,VSFB,Starlink: Group 17-7,"~17,500 kg (38,600 lb)",SSO,SpaceX,Success,Success (OCISLY),,17500.0,1
524,Launch of 24 Starlink v2 mini satellites to a 281 km (175 mi) orbit at an inclination of 97° to expand internet constellation.,Launch of 24 Starlink v2 mini satellites to a 281 km (175 mi) orbit at an inclination of 97° to expand internet constellation.,Other,Launch of 24 Starlink v2 mini satellites to a 281 km (175 mi) orbit at an inclination of 97° to expand internet constellation.,Launch of 24 Starlink v2 mini satellites to a 281 km (175 mi) orbit at an inclination of 97° to expand internet constellation.,Other,Launch of 24 Starlink v2 mini satellites to a 281 km (175 mi) orbit at an inclination of 97° to expand internet constellation.,Launch of 24 Starlink v2 mini satellites to a 281 km (175 mi) orbit at an inclination of 97° to expand internet constellation.,Launch of 24 Starlink v2 mini satellites to a 281 km (175 mi) orbit at an inclination of 97° to expand internet constellation.,,24.0,0
525,"August 31, 2025 11:49[180]",F9 B5 B1077‑23,CCSFS,Starlink: Group 10-14,"~16,100 kg (35,500 lb)",LEO,SpaceX,Success,Success (JRTI),,16100.0,1
525,Launch of 28 Starlink v2 mini optimized satellites to a 279 km (173 mi) orbit at an inclination of 53° to expand internet constellation.,Launch of 28 Starlink v2 mini optimized satellites to a 279 km (173 mi) orbit at an inclination of 53° to expand internet constellation.,Other,Launch of 28 Starlink v2 mini optimized satellites to a 279 km (173 mi) orbit at an inclination of 53° to expand internet constellation.,Launch of 28 Starlink v2 mini optimized satellites to a 279 km (173 mi) orbit at an inclination of 53° to expand internet constellation.,Other,Launch of 28 Starlink v2 mini optimized satellites to a 279 km (173 mi) orbit at an inclination of 53° to expand internet constellation.,Launch of 28 Starlink v2 mini optimized satellites to a 279 km (173 mi) orbit at an inclination of 53° to expand internet constellation.,Launch of 28 Starlink v2 mini optimized satellites to a 279 km (173 mi) orbit at an inclination of 53° to expand internet constellation.,,28.0,0
526,"September 3, 2025 03:51[181]",F9 B5 B1097‑1,VSFB,Starlink: Group 17-8,"~17,500 kg (38,600 lb)",SSO,SpaceX,Success,Success (OCISLY),,17500.0,1
526,Launch of 24 Starlink v2 mini satellites to a 281 km (175 mi) orbit at an inclination of 97° to expand internet constellation.,Launch of 24 Starlink v2 mini satellites to a 281 km (175 mi) orbit at an inclination of 97° to expand internet constellation.,Other,Launch of 24 Starlink v2 mini satellites to a 281 km (175 mi) orbit at an inclination of 97° to expand internet constellation.,Launch of 24 Starlink v2 mini satellites to a 281 km (175 mi) orbit at an inclination of 97° to expand internet constellation.,Other,Launch of 24 Starlink v2 mini satellites to a 281 km (175 mi) orbit at an inclination of 97° to expand internet constellation.,Launch of 24 Starlink v2 mini satellites to a 281 km (175 mi) orbit at an inclination of 97° to expand internet constellation.,Launch of 24 Starlink v2 mini satellites to a 281 km (175 mi) orbit at an inclination of 97° to expand internet constellation.,,24.0,0
527,"September 3, 2025 11:56[182]",F9 B5 B1083‑14,CCSFS,Starlink: Group 10-22,"~16,100 kg (35,500 lb)",LEO,SpaceX,Success,Success (ASOG),,16100.0,1
527,Launch of 28 Starlink v2 mini optimized satellites to a 279 km (173 mi) orbit at an inclination of 53° to expand internet constellation. 1st time flying a fairing half for the 33rd time.[183],Launch of 28 Starlink v2 mini optimized satellites to a 279 km (173 mi) orbit at an inclination of 53° to expand internet constellation. 1st time flying a fairing half for the 33rd time.[183],Other,Launch of 28 Starlink v2 mini optimized satellites to a 279 km (173 mi) orbit at an inclination of 53° to expand internet constellation. 1st time flying a fairing half for the 33rd time.[183],Launch of 28 Starlink v2 mini optimized satellites to a 279 km (173 mi) orbit at an inclination of 53° to expand internet constellation. 1st time flying a fairing half for the 33rd time.[183],Other,Launch of 28 Starlink v2 mini optimized satellites to a 279 km (173 mi) orbit at an inclination of 53° to expand internet constellation. 1st time flying a fairing half for the 33rd time.[183],Launch of 28 Starlink v2 mini optimized satellites to a 279 km (173 mi) orbit at an inclination of 53° to expand internet constellation. 1st time flying a fairing half for the 33rd time.[183],Launch of 28 Starlink v2 mini optimized satellites to a 279 km (173 mi) orbit at an inclination of 53° to expand internet constellation. 1st time flying a fairing half for the 33rd time.[183],,28.0,0
528,"September 5, 2025 12:32[184]",F9 B5 B1069‑27,KSC,Starlink: Group 10-57,"~16,100 kg (35,500 lb)",LEO,SpaceX,Success,Success (JRTI),,16100.0,1
528,Launch of 28 Starlink v2 mini optimized satellites to a 279 km (173 mi) orbit at an inclination of 53° to expand internet constellation. 500th landing of a Falcon booster.,Launch of 28 Starlink v2 mini optimized satellites to a 279 km (173 mi) orbit at an inclination of 53° to expand internet constellation. 500th landing of a Falcon booster.,Other,Launch of 28 Starlink v2 mini optimized satellites to a 279 km (173 mi) orbit at an inclination of 53° to expand internet constellation. 500th landing of a Falcon booster.,Launch of 28 Starlink v2 mini optimized satellites to a 279 km (173 mi) orbit at an inclination of 53° to expand internet constellation. 500th landing of a Falcon booster.,Other,Launch of 28 Starlink v2 mini optimized satellites to a 279 km (173 mi) orbit at an inclination of 53° to expand internet constellation. 500th landing of a Falcon booster.,Launch of 28 Starlink v2 mini optimized satellites to a 279 km (173 mi) orbit at an inclination of 53° to expand internet constellation. 500th landing of a Falcon booster.,Launch of 28 Starlink v2 mini optimized satellites to a 279 km (173 mi) orbit at an inclination of 53° to expand internet constellation. 500th landing of a Falcon booster.,,28.0,0
529,"September 6, 2025 18:06[185]",F9 B5 B1075‑20,VSFB,Starlink: Group 17-9,"~17,500 kg (38,600 lb)",SSO,SpaceX,Success,Success (OCISLY),,17500.0,1
529,"Launch of 24 Starlink v2 mini satellites to a 281 km (175 mi) orbit at an inclination of 97° to expand internet constellation. 2000th Starlink satellite launched this year. 300th dedicated Starlink launch. 150th successful landing on SpaceX's droneship, Of Course I Still Love You.","Launch of 24 Starlink v2 mini satellites to a 281 km (175 mi) orbit at an inclination of 97° to expand internet constellation. 2000th Starlink satellite launched this year. 300th dedicated Starlink launch. 150th successful landing on SpaceX's droneship, Of Course I Still Love You.",Other,"Launch of 24 Starlink v2 mini satellites to a 281 km (175 mi) orbit at an inclination of 97° to expand internet constellation. 2000th Starlink satellite launched this year. 300th dedicated Starlink launch. 150th successful landing on SpaceX's droneship, Of Course I Still Love You.","Launch of 24 Starlink v2 mini satellites to a 281 km (175 mi) orbit at an inclination of 97° to expand internet constellation. 2000th Starlink satellite launched this year. 300th dedicated Starlink launch. 150th successful landing on SpaceX's droneship, Of Course I Still Love You.",Other,"Launch of 24 Starlink v2 mini satellites to a 281 km (175 mi) orbit at an inclination of 97° to expand internet constellation. 2000th Starlink satellite launched this year. 300th dedicated Starlink launch. 150th successful landing on SpaceX's droneship, Of Course I Still Love You.","Launch of 24 Starlink v2 mini satellites to a 281 km (175 mi) orbit at an inclination of 97° to expand internet constellation. 2000th Starlink satellite launched this year. 300th dedicated Starlink launch. 150th successful landing on SpaceX's droneship, Of Course I Still Love You.","Launch of 24 Starlink v2 mini satellites to a 281 km (175 mi) orbit at an inclination of 97° to expand internet constellation. 2000th Starlink satellite launched this year. 300th dedicated Starlink launch. 150th successful landing on SpaceX's droneship, Of Course I Still Love You.",,24.0,1
530,"September 10, 2025 14:12[186]",F9 B5 B1093‑6,VSFB,SDA Tranche 1 Transport Layer B (21 satellites),Unknown,LEO,SDA,Success,Success (OCISLY),,6920.564516129032,1
530,Launch part of Phase 2 US Space Force contract awarded in 2022.[187],Launch part of Phase 2 US Space Force contract awarded in 2022.[187],Other,Launch part of Phase 2 US Space Force contract awarded in 2022.[187],Launch part of Phase 2 US Space Force contract awarded in 2022.[187],Other,Launch part of Phase 2 US Space Force contract awarded in 2022.[187],Launch part of Phase 2 US Space Force contract awarded in 2022.[187],Launch part of Phase 2 US Space Force contract awarded in 2022.[187],,2.0,0
531,"September 12, 2025 01:56[188]",F9 B5 B1078‑23,CCSFS,Nusantara Lima,"~7,800 kg (17,200 lb)[189]",GTO,PT Pasifik Satelit Nusantara,Success,Success (ASOG),,7800.0,1
531,A hot backup system for SATRIA-1.[190],A hot backup system for SATRIA-1.[190],Other,A hot backup system for SATRIA-1.[190],A hot backup system for SATRIA-1.[190],Other,A hot backup system for SATRIA-1.[190],A hot backup system for SATRIA-1.[190],A hot backup system for SATRIA-1.[190],,1.0,0
532,"September 13, 2025 17:55[191]",F9 B5 B1071‑28,VSFB,Starlink: Group 17-10,"~17,500 kg (38,600 lb)",SSO,SpaceX,Success,Success (OCISLY),,17500.0,1
532,Launch of 24 Starlink v2 mini satellites to a 281 km (175 mi) orbit at an inclination of 97° to expand internet constellation.,Launch of 24 Starlink v2 mini satellites to a 281 km (175 mi) orbit at an inclination of 97° to expand internet constellation.,Other,Launch of 24 Starlink v2 mini satellites to a 281 km (175 mi) orbit at an inclination of 97° to expand internet constellation.,Launch of 24 Starlink v2 mini satellites to a 281 km (175 mi) orbit at an inclination of 97° to expand internet constellation.,Other,Launch of 24 Starlink v2 mini satellites to a 281 km (175 mi) orbit at an inclination of 97° to expand internet constellation.,Launch of 24 Starlink v2 mini satellites to a 281 km (175 mi) orbit at an inclination of 97° to expand internet constellation.,Launch of 24 Starlink v2 mini satellites to a 281 km (175 mi) orbit at an inclination of 97° to expand internet constellation.,,24.0,0
533,"September 14, 2025 22:11[192]",F9 B5 B1094‑4,CCSFS,"CRS NG-23 (S.S. William ""Willie"" C. McCool)","5,000 kg (11,000 lb)",LEO,Northrop Grumman (CRS),Success,Success (LZ‑2),,5000.0,1
533,"ISS cargo resupply mission for Northrop Grumman's Cygnus spacecraft. The originally planned Cygnus NG-22 spacecraft was damaged during shipment to Cape Canaveral, delaying the launch. First flight of extended Cygnus XL spacecraft. Third of four missions scheduled to fly on a Falcon 9 rocket.[193]","ISS cargo resupply mission for Northrop Grumman's Cygnus spacecraft. The originally planned Cygnus NG-22 spacecraft was damaged during shipment to Cape Canaveral, delaying the launch. First flight of extended Cygnus XL spacecraft. Third of four missions scheduled to fly on a Falcon 9 rocket.[193]",CCSFS,"ISS cargo resupply mission for Northrop Grumman's Cygnus spacecraft. The originally planned Cygnus NG-22 spacecraft was damaged during shipment to Cape Canaveral, delaying the launch. First flight of extended Cygnus XL spacecraft. Third of four missions scheduled to fly on a Falcon 9 rocket.[193]","ISS cargo resupply mission for Northrop Grumman's Cygnus spacecraft. The originally planned Cygnus NG-22 spacecraft was damaged during shipment to Cape Canaveral, delaying the launch. First flight of extended Cygnus XL spacecraft. Third of four missions scheduled to fly on a Falcon 9 rocket.[193]",ISS,"ISS cargo resupply mission for Northrop Grumman's Cygnus spacecraft. The originally planned Cygnus NG-22 spacecraft was damaged during shipment to Cape Canaveral, delaying the launch. First flight of extended Cygnus XL spacecraft. Third of four missions scheduled to fly on a Falcon 9 rocket.[193]","ISS cargo resupply mission for Northrop Grumman's Cygnus spacecraft. The originally planned Cygnus NG-22 spacecraft was damaged during shipment to Cape Canaveral, delaying the launch. First flight of extended Cygnus XL spacecraft. Third of four missions scheduled to fly on a Falcon 9 rocket.[193]","ISS cargo resupply mission for Northrop Grumman's Cygnus spacecraft. The originally planned Cygnus NG-22 spacecraft was damaged during shipment to Cape Canaveral, delaying the launch. First flight of extended Cygnus XL spacecraft. Third of four missions scheduled to fly on a Falcon 9 rocket.[193]",,22.0,0
534,"September 18, 2025 09:30[194]",F9 B5 B1092‑7,CCSFS,Starlink: Group 10-61,"~16,100 kg (35,500 lb)",LEO,SpaceX,Success,Success (JRTI),,16100.0,1
534,Launch of 28 Starlink v2 mini optimized satellites to a 279 km (173 mi) orbit at an inclination of 53° to expand internet constellation.,Launch of 28 Starlink v2 mini optimized satellites to a 279 km (173 mi) orbit at an inclination of 53° to expand internet constellation.,Other,Launch of 28 Starlink v2 mini optimized satellites to a 279 km (173 mi) orbit at an inclination of 53° to expand internet constellation.,Launch of 28 Starlink v2 mini optimized satellites to a 279 km (173 mi) orbit at an inclination of 53° to expand internet constellation.,Other,Launch of 28 Starlink v2 mini optimized satellites to a 279 km (173 mi) orbit at an inclination of 53° to expand internet constellation.,Launch of 28 Starlink v2 mini optimized satellites to a 279 km (173 mi) orbit at an inclination of 53° to expand internet constellation.,Launch of 28 Starlink v2 mini optimized satellites to a 279 km (173 mi) orbit at an inclination of 53° to expand internet constellation.,,28.0,0
535,"September 19, 2025 16:31[195]",F9 B5 B1088‑10,VSFB,Starlink: Group 17-12,"~17,500 kg (38,600 lb)",SSO,SpaceX,Success,Success (OCISLY),,17500.0,1
535,Launch of 24 Starlink v2 mini satellites to a 281 km (175 mi) orbit at an inclination of 97° to expand internet constellation.,Launch of 24 Starlink v2 mini satellites to a 281 km (175 mi) orbit at an inclination of 97° to expand internet constellation.,Other,Launch of 24 Starlink v2 mini satellites to a 281 km (175 mi) orbit at an inclination of 97° to expand internet constellation.,Launch of 24 Starlink v2 mini satellites to a 281 km (175 mi) orbit at an inclination of 97° to expand internet constellation.,Other,Launch of 24 Starlink v2 mini satellites to a 281 km (175 mi) orbit at an inclination of 97° to expand internet constellation.,Launch of 24 Starlink v2 mini satellites to a 281 km (175 mi) orbit at an inclination of 97° to expand internet constellation.,Launch of 24 Starlink v2 mini satellites to a 281 km (175 mi) orbit at an inclination of 97° to expand internet constellation.,,24.0,0
536,"September 21, 2025 10:53[196]",F9 B5 B1085‑11,CCSFS,Starlink: Group 10-27,"~16,100 kg (35,500 lb)",LEO,SpaceX,Success,Success (ASOG),,16100.0,1
536,"Launch of 28 Starlink v2 mini optimized satellites to a 279 km (173 mi) orbit at an inclination of 53° to expand internet constellation. Longest turnaround of a reusable component, achieved by the fairing half SN173 (1,568 days), last flown on the SXM-8 mission on June 6, 2021, breaking the previous record of F9 B5 B1053 (1,406 days).","Launch of 28 Starlink v2 mini optimized satellites to a 279 km (173 mi) orbit at an inclination of 53° to expand internet constellation. Longest turnaround of a reusable component, achieved by the fairing half SN173 (1,568 days), last flown on the SXM-8 mission on June 6, 2021, breaking the previous record of F9 B5 B1053 (1,406 days).",Other,"Launch of 28 Starlink v2 mini optimized satellites to a 279 km (173 mi) orbit at an inclination of 53° to expand internet constellation. Longest turnaround of a reusable component, achieved by the fairing half SN173 (1,568 days), last flown on the SXM-8 mission on June 6, 2021, breaking the previous record of F9 B5 B1053 (1,406 days).","Launch of 28 Starlink v2 mini optimized satellites to a 279 km (173 mi) orbit at an inclination of 53° to expand internet constellation. Longest turnaround of a reusable component, achieved by the fairing half SN173 (1,568 days), last flown on the SXM-8 mission on June 6, 2021, breaking the previous record of F9 B5 B1053 (1,406 days).",PO,"Launch of 28 Starlink v2 mini optimized satellites to a 279 km (173 mi) orbit at an inclination of 53° to expand internet constellation. Longest turnaround of a reusable component, achieved by the fairing half SN173 (1,568 days), last flown on the SXM-8 mission on June 6, 2021, breaking the previous record of F9 B5 B1053 (1,406 days).","Launch of 28 Starlink v2 mini optimized satellites to a 279 km (173 mi) orbit at an inclination of 53° to expand internet constellation. Longest turnaround of a reusable component, achieved by the fairing half SN173 (1,568 days), last flown on the SXM-8 mission on June 6, 2021, breaking the previous record of F9 B5 B1053 (1,406 days).","Launch of 28 Starlink v2 mini optimized satellites to a 279 km (173 mi) orbit at an inclination of 53° to expand internet constellation. Longest turnaround of a reusable component, achieved by the fairing half SN173 (1,568 days), last flown on the SXM-8 mission on June 6, 2021, breaking the previous record of F9 B5 B1053 (1,406 days).",,28.0,0
537,"September 22, 2025 17:38[197]",F9 B5 B1081‑18,VSFB,NROL-48 (8 Starshield satellites),Unknown,LEO,NRO,Success,Success (LZ‑4),,6920.564516129032,1
537,Eleventh launch of SpaceX/Northrop Grumman-built Starshield satellites for the National Reconnaissance Office.,Eleventh launch of SpaceX/Northrop Grumman-built Starshield satellites for the National Reconnaissance Office.,Other,Eleventh launch of SpaceX/Northrop Grumman-built Starshield satellites for the National Reconnaissance Office.,Eleventh launch of SpaceX/Northrop Grumman-built Starshield satellites for the National Reconnaissance Office.,ISS,Eleventh launch of SpaceX/Northrop Grumman-built Starshield satellites for the National Reconnaissance Office.,Eleventh launch of SpaceX/Northrop Grumman-built Starshield satellites for the National Reconnaissance Office.,Eleventh launch of SpaceX/Northrop Grumman-built Starshield satellites for the National Reconnaissance Office.,,6920.564516129032,0
538,"September 24, 2025 11:30[198]",F9 B5 B1096‑2,KSC,Interstellar Mapping and Acceleration Probe (IMAP)[199],"1,477 kg (3,256 lb)",SSO,NASA,Success,Success (JRTI),,1477.0,1
538,"In September 2020, NASA selected SpaceX to launch the IMAP mission, which will help researchers better understand the boundary of the heliosphere, a magnetic barrier surrounding our solar system. The total launch cost is approximately US$109.4 million. The secondary payloads include the Carruthers Geocorona Observatory and the National Oceanic and Atmospheric Administration's Space Weather Follow On-Lagrange 1 (SWFO-L1) mission.","In September 2020, NASA selected SpaceX to launch the IMAP mission, which will help researchers better understand the boundary of the heliosphere, a magnetic barrier surrounding our solar system. The total launch cost is approximately US$109.4 million. The secondary payloads include the Carruthers Geocorona Observatory and the National Oceanic and Atmospheric Administration's Space Weather Follow On-Lagrange 1 (SWFO-L1) mission.",Other,"In September 2020, NASA selected SpaceX to launch the IMAP mission, which will help researchers better understand the boundary of the heliosphere, a magnetic barrier surrounding our solar system. The total launch cost is approximately US$109.4 million. The secondary payloads include the Carruthers Geocorona Observatory and the National Oceanic and Atmospheric Administration's Space Weather Follow On-Lagrange 1 (SWFO-L1) mission.","In September 2020, NASA selected SpaceX to launch the IMAP mission, which will help researchers better understand the boundary of the heliosphere, a magnetic barrier surrounding our solar system. The total launch cost is approximately US$109.4 million. The secondary payloads include the Carruthers Geocorona Observatory and the National Oceanic and Atmospheric Administration's Space Weather Follow On-Lagrange 1 (SWFO-L1) mission.",GTO,"In September 2020, NASA selected SpaceX to launch the IMAP mission, which will help researchers better understand the boundary of the heliosphere, a magnetic barrier surrounding our solar system. The total launch cost is approximately US$109.4 million. The secondary payloads include the Carruthers Geocorona Observatory and the National Oceanic and Atmospheric Administration's Space Weather Follow On-Lagrange 1 (SWFO-L1) mission.","In September 2020, NASA selected SpaceX to launch the IMAP mission, which will help researchers better understand the boundary of the heliosphere, a magnetic barrier surrounding our solar system. The total launch cost is approximately US$109.4 million. The secondary payloads include the Carruthers Geocorona Observatory and the National Oceanic and Atmospheric Administration's Space Weather Follow On-Lagrange 1 (SWFO-L1) mission.","In September 2020, NASA selected SpaceX to launch the IMAP mission, which will help researchers better understand the boundary of the heliosphere, a magnetic barrier surrounding our solar system. The total launch cost is approximately US$109.4 million. The secondary payloads include the Carruthers Geocorona Observatory and the National Oceanic and Atmospheric Administration's Space Weather Follow On-Lagrange 1 (SWFO-L1) mission.",,2020.0,0
539,"September 25, 2025 08:39[200]",F9 B5 B1080‑22,CCSFS,Starlink: Group 10-15,"~16,100 kg (35,500 lb)",LEO,SpaceX,Success,Success (ASOG),,16100.0,1
539,Launch of 28 Starlink v2 mini optimized satellites to a 279 km (173 mi) orbit at an inclination of 53° to expand internet constellation.,Launch of 28 Starlink v2 mini optimized satellites to a 279 km (173 mi) orbit at an inclination of 53° to expand internet constellation.,Other,Launch of 28 Starlink v2 mini optimized satellites to a 279 km (173 mi) orbit at an inclination of 53° to expand internet constellation.,Launch of 28 Starlink v2 mini optimized satellites to a 279 km (173 mi) orbit at an inclination of 53° to expand internet constellation.,Other,Launch of 28 Starlink v2 mini optimized satellites to a 279 km (173 mi) orbit at an inclination of 53° to expand internet constellation.,Launch of 28 Starlink v2 mini optimized satellites to a 279 km (173 mi) orbit at an inclination of 53° to expand internet constellation.,Launch of 28 Starlink v2 mini optimized satellites to a 279 km (173 mi) orbit at an inclination of 53° to expand internet constellation.,,28.0,0
540,"September 26, 2025 04:26[201]",F9 B5 B1082‑16,VSFB,Starlink: Group 17-11,"~17,500 kg (38,600 lb)",SSO,SpaceX,Success,Success (OCISLY),,17500.0,1
540,Launch of 24 Starlink v2 mini satellites to a 281 km (175 mi) orbit at an inclination of 97° to expand internet constellation.,Launch of 24 Starlink v2 mini satellites to a 281 km (175 mi) orbit at an inclination of 97° to expand internet constellation.,Other,Launch of 24 Starlink v2 mini satellites to a 281 km (175 mi) orbit at an inclination of 97° to expand internet constellation.,Launch of 24 Starlink v2 mini satellites to a 281 km (175 mi) orbit at an inclination of 97° to expand internet constellation.,Other,Launch of 24 Starlink v2 mini satellites to a 281 km (175 mi) orbit at an inclination of 97° to expand internet constellation.,Launch of 24 Starlink v2 mini satellites to a 281 km (175 mi) orbit at an inclination of 97° to expand internet constellation.,Launch of 24 Starlink v2 mini satellites to a 281 km (175 mi) orbit at an inclination of 97° to expand internet constellation.,,24.0,0
541,"September 29, 2025 02:04[202]",F9 B5 B1063‑28,VSFB,Starlink: Group 11-20,"~16,100 kg (35,500 lb)",LEO,SpaceX,Success,Success (OCISLY),,16100.0,1
541,Launch of 28 Starlink v2 mini optimized satellites to a 295 km (183 mi) orbit at an inclination of 53° to expand internet constellation. First time SpaceX conducted 8 West Coast launches in a single calendar month.,Launch of 28 Starlink v2 mini optimized satellites to a 295 km (183 mi) orbit at an inclination of 53° to expand internet constellation. First time SpaceX conducted 8 West Coast launches in a single calendar month.,Other,Launch of 28 Starlink v2 mini optimized satellites to a 295 km (183 mi) orbit at an inclination of 53° to expand internet constellation. First time SpaceX conducted 8 West Coast launches in a single calendar month.,Launch of 28 Starlink v2 mini optimized satellites to a 295 km (183 mi) orbit at an inclination of 53° to expand internet constellation. First time SpaceX conducted 8 West Coast launches in a single calendar month.,Other,Launch of 28 Starlink v2 mini optimized satellites to a 295 km (183 mi) orbit at an inclination of 53° to expand internet constellation. First time SpaceX conducted 8 West Coast launches in a single calendar month.,Launch of 28 Starlink v2 mini optimized satellites to a 295 km (183 mi) orbit at an inclination of 53° to expand internet constellation. First time SpaceX conducted 8 West Coast launches in a single calendar month.,Launch of 28 Starlink v2 mini optimized satellites to a 295 km (183 mi) orbit at an inclination of 53° to expand internet constellation. First time SpaceX conducted 8 West Coast launches in a single calendar month.,,28.0,0
542,"October 3, 2025 14:06[203]",F9 B5 B1097‑2,VSFB,Starlink: Group 11-39,"~16,100 kg (35,500 lb)",LEO,SpaceX,Success,Success (OCISLY),,16100.0,1
542,"Launch of 28 Starlink v2 mini optimized satellites to a 295 km (183 mi) orbit at an inclination of 53° to expand internet constellation. 47 launches were carried out in this complex this year, surpassing last year with 46 launches carried out.","Launch of 28 Starlink v2 mini optimized satellites to a 295 km (183 mi) orbit at an inclination of 53° to expand internet constellation. 47 launches were carried out in this complex this year, surpassing last year with 46 launches carried out.",Other,"Launch of 28 Starlink v2 mini optimized satellites to a 295 km (183 mi) orbit at an inclination of 53° to expand internet constellation. 47 launches were carried out in this complex this year, surpassing last year with 46 launches carried out.","Launch of 28 Starlink v2 mini optimized satellites to a 295 km (183 mi) orbit at an inclination of 53° to expand internet constellation. 47 launches were carried out in this complex this year, surpassing last year with 46 launches carried out.",Other,"Launch of 28 Starlink v2 mini optimized satellites to a 295 km (183 mi) orbit at an inclination of 53° to expand internet constellation. 47 launches were carried out in this complex this year, surpassing last year with 46 launches carried out.","Launch of 28 Starlink v2 mini optimized satellites to a 295 km (183 mi) orbit at an inclination of 53° to expand internet constellation. 47 launches were carried out in this complex this year, surpassing last year with 46 launches carried out.","Launch of 28 Starlink v2 mini optimized satellites to a 295 km (183 mi) orbit at an inclination of 53° to expand internet constellation. 47 launches were carried out in this complex this year, surpassing last year with 46 launches carried out.",,28.0,0
543,"October 7, 2025 06:46[204]",F9 B5 B1090‑8,CCSFS,Starlink: Group 10-59,"~16,100 kg (35,500 lb)",LEO,SpaceX,Success,Success (ASOG),,16100.0,1
543,Launch of 28 Starlink v2 mini optimized satellites to a 279 km (173 mi) orbit at an inclination of 53° to expand internet constellation. 90th Starlink mission of 2025.,Launch of 28 Starlink v2 mini optimized satellites to a 279 km (173 mi) orbit at an inclination of 53° to expand internet constellation. 90th Starlink mission of 2025.,Other,Launch of 28 Starlink v2 mini optimized satellites to a 279 km (173 mi) orbit at an inclination of 53° to expand internet constellation. 90th Starlink mission of 2025.,Launch of 28 Starlink v2 mini optimized satellites to a 279 km (173 mi) orbit at an inclination of 53° to expand internet constellation. 90th Starlink mission of 2025.,ISS,Launch of 28 Starlink v2 mini optimized satellites to a 279 km (173 mi) orbit at an inclination of 53° to expand internet constellation. 90th Starlink mission of 2025.,Launch of 28 Starlink v2 mini optimized satellites to a 279 km (173 mi) orbit at an inclination of 53° to expand internet constellation. 90th Starlink mission of 2025.,Launch of 28 Starlink v2 mini optimized satellites to a 279 km (173 mi) orbit at an inclination of 53° to expand internet constellation. 90th Starlink mission of 2025.,,28.0,0
544,"October 8, 2025 03:54[205]",F9 B5 B1071‑29,VSFB,Starlink: Group 11-17,"~16,100 kg (35,500 lb)",LEO,SpaceX,Success,Success (OCISLY),,16100.0,1
544,Launch of 28 Starlink v2 mini optimized satellites to a 295 km (183 mi) orbit at an inclination of 53° to expand internet constellation.,Launch of 28 Starlink v2 mini optimized satellites to a 295 km (183 mi) orbit at an inclination of 53° to expand internet constellation.,Other,Launch of 28 Starlink v2 mini optimized satellites to a 295 km (183 mi) orbit at an inclination of 53° to expand internet constellation.,Launch of 28 Starlink v2 mini optimized satellites to a 295 km (183 mi) orbit at an inclination of 53° to expand internet constellation.,Other,Launch of 28 Starlink v2 mini optimized satellites to a 295 km (183 mi) orbit at an inclination of 53° to expand internet constellation.,Launch of 28 Starlink v2 mini optimized satellites to a 295 km (183 mi) orbit at an inclination of 53° to expand internet constellation.,Launch of 28 Starlink v2 mini optimized satellites to a 295 km (183 mi) orbit at an inclination of 53° to expand internet constellation.,,28.0,0
545,"October 14, 2025 01:58[206]",F9 B5 B1091‑2,CCSFS,KuiperSat × 24 (KF-03),"~14,784 kg (32,593 lb)",LEO,Amazon (Kuiper Systems),Success,Success (ASOG),,14784.0,1
545,Third of three Falcon 9 launches in support of Amazon's Project Kuiper internet constellation.[151] Final Kuiper launch prior to its renaming to Amazon Leo.,Third of three Falcon 9 launches in support of Amazon's Project Kuiper internet constellation.[151] Final Kuiper launch prior to its renaming to Amazon Leo.,Other,Third of three Falcon 9 launches in support of Amazon's Project Kuiper internet constellation.[151] Final Kuiper launch prior to its renaming to Amazon Leo.,Third of three Falcon 9 launches in support of Amazon's Project Kuiper internet constellation.[151] Final Kuiper launch prior to its renaming to Amazon Leo.,LEO,Third of three Falcon 9 launches in support of Amazon's Project Kuiper internet constellation.[151] Final Kuiper launch prior to its renaming to Amazon Leo.,Third of three Falcon 9 launches in support of Amazon's Project Kuiper internet constellation.[151] Final Kuiper launch prior to its renaming to Amazon Leo.,Third of three Falcon 9 launches in support of Amazon's Project Kuiper internet constellation.[151] Final Kuiper launch prior to its renaming to Amazon Leo.,,9.0,0
546,"October 15, 2025 23:06[207]",F9 B5 B1093‑7,VSFB,SDA Tranche 1 Transport Layer C (21 satellites),Unknown,LEO,SDA,Success,Success (OCISLY),,6920.564516129032,1
546,Launch part of Phase 2 US Space Force contract awarded in 2022.[187][208],Launch part of Phase 2 US Space Force contract awarded in 2022.[187][208],Other,Launch part of Phase 2 US Space Force contract awarded in 2022.[187][208],Launch part of Phase 2 US Space Force contract awarded in 2022.[187][208],Other,Launch part of Phase 2 US Space Force contract awarded in 2022.[187][208],Launch part of Phase 2 US Space Force contract awarded in 2022.[187][208],Launch part of Phase 2 US Space Force contract awarded in 2022.[187][208],,2.0,0
547,"October 16, 2025 09:27[209]",F9 B5 B1095‑3,CCSFS,Starlink: Group 10-52,"~16,100 kg (35,500 lb)",LEO,SpaceX,Success,Success (JRTI),,16100.0,1
547,"Launch of 28 Starlink v2 mini optimized satellites to a 279 km (173 mi) orbit at an inclination of 53° to expand internet constellation. 500th landing of a Falcon first stage booster. Fastest launch to launch from the same American Launch Pad at 55 hours, 29 minutes and 9 seconds. Fastest Transporter Erector roll-in to hangar for booster integration to launch at 12 hours, 5 minutes, 20 seconds. 1st time flying a fairing half for the 34th time.","Launch of 28 Starlink v2 mini optimized satellites to a 279 km (173 mi) orbit at an inclination of 53° to expand internet constellation. 500th landing of a Falcon first stage booster. Fastest launch to launch from the same American Launch Pad at 55 hours, 29 minutes and 9 seconds. Fastest Transporter Erector roll-in to hangar for booster integration to launch at 12 hours, 5 minutes, 20 seconds. 1st time flying a fairing half for the 34th time.",Other,"Launch of 28 Starlink v2 mini optimized satellites to a 279 km (173 mi) orbit at an inclination of 53° to expand internet constellation. 500th landing of a Falcon first stage booster. Fastest launch to launch from the same American Launch Pad at 55 hours, 29 minutes and 9 seconds. Fastest Transporter Erector roll-in to hangar for booster integration to launch at 12 hours, 5 minutes, 20 seconds. 1st time flying a fairing half for the 34th time.","Launch of 28 Starlink v2 mini optimized satellites to a 279 km (173 mi) orbit at an inclination of 53° to expand internet constellation. 500th landing of a Falcon first stage booster. Fastest launch to launch from the same American Launch Pad at 55 hours, 29 minutes and 9 seconds. Fastest Transporter Erector roll-in to hangar for booster integration to launch at 12 hours, 5 minutes, 20 seconds. 1st time flying a fairing half for the 34th time.",PO,"Launch of 28 Starlink v2 mini optimized satellites to a 279 km (173 mi) orbit at an inclination of 53° to expand internet constellation. 500th landing of a Falcon first stage booster. Fastest launch to launch from the same American Launch Pad at 55 hours, 29 minutes and 9 seconds. Fastest Transporter Erector roll-in to hangar for booster integration to launch at 12 hours, 5 minutes, 20 seconds. 1st time flying a fairing half for the 34th time.","Launch of 28 Starlink v2 mini optimized satellites to a 279 km (173 mi) orbit at an inclination of 53° to expand internet constellation. 500th landing of a Falcon first stage booster. Fastest launch to launch from the same American Launch Pad at 55 hours, 29 minutes and 9 seconds. Fastest Transporter Erector roll-in to hangar for booster integration to launch at 12 hours, 5 minutes, 20 seconds. 1st time flying a fairing half for the 34th time.","Launch of 28 Starlink v2 mini optimized satellites to a 279 km (173 mi) orbit at an inclination of 53° to expand internet constellation. 500th landing of a Falcon first stage booster. Fastest launch to launch from the same American Launch Pad at 55 hours, 29 minutes and 9 seconds. Fastest Transporter Erector roll-in to hangar for booster integration to launch at 12 hours, 5 minutes, 20 seconds. 1st time flying a fairing half for the 34th time.",,28.0,0
548,"October 19, 2025 17:39[210]",F9 B5 B1067‑31,CCSFS,Starlink: Group 10-17,"~16,100 kg (35,500 lb)",LEO,SpaceX,Success,Success (ASOG),,16100.0,1
548,Launch of 28 Starlink v2 mini optimized satellites to a 279 km (173 mi) orbit at an inclination of 53° to expand internet constellation. First booster to fly 31 missions.,Launch of 28 Starlink v2 mini optimized satellites to a 279 km (173 mi) orbit at an inclination of 53° to expand internet constellation. First booster to fly 31 missions.,Other,Launch of 28 Starlink v2 mini optimized satellites to a 279 km (173 mi) orbit at an inclination of 53° to expand internet constellation. First booster to fly 31 missions.,Launch of 28 Starlink v2 mini optimized satellites to a 279 km (173 mi) orbit at an inclination of 53° to expand internet constellation. First booster to fly 31 missions.,ISS,Launch of 28 Starlink v2 mini optimized satellites to a 279 km (173 mi) orbit at an inclination of 53° to expand internet constellation. First booster to fly 31 missions.,Launch of 28 Starlink v2 mini optimized satellites to a 279 km (173 mi) orbit at an inclination of 53° to expand internet constellation. First booster to fly 31 missions.,Launch of 28 Starlink v2 mini optimized satellites to a 279 km (173 mi) orbit at an inclination of 53° to expand internet constellation. First booster to fly 31 missions.,,28.0,0
549,"October 19, 2025 19:24[211]",F9 B5 B1088‑11,VSFB,Starlink: Group 11-19,"~16,100 kg (35,500 lb)",LEO,SpaceX,Success,Success (OCISLY),,16100.0,1
549,"Launch of 28 Starlink v2 mini optimized satellites to a 295 km (183 mi) orbit at an inclination of 53° to expand internet constellation. Launched 10,000th Starlink satellite.","Launch of 28 Starlink v2 mini optimized satellites to a 295 km (183 mi) orbit at an inclination of 53° to expand internet constellation. Launched 10,000th Starlink satellite.",Other,"Launch of 28 Starlink v2 mini optimized satellites to a 295 km (183 mi) orbit at an inclination of 53° to expand internet constellation. Launched 10,000th Starlink satellite.","Launch of 28 Starlink v2 mini optimized satellites to a 295 km (183 mi) orbit at an inclination of 53° to expand internet constellation. Launched 10,000th Starlink satellite.",Other,"Launch of 28 Starlink v2 mini optimized satellites to a 295 km (183 mi) orbit at an inclination of 53° to expand internet constellation. Launched 10,000th Starlink satellite.","Launch of 28 Starlink v2 mini optimized satellites to a 295 km (183 mi) orbit at an inclination of 53° to expand internet constellation. Launched 10,000th Starlink satellite.","Launch of 28 Starlink v2 mini optimized satellites to a 295 km (183 mi) orbit at an inclination of 53° to expand internet constellation. Launched 10,000th Starlink satellite.",,28.0,0
550,"October 22, 2025 14:16[212]",F9 B5 B1075‑21,VSFB,Starlink: Group 11-5,"~16,100 kg (35,500 lb)",LEO,SpaceX,Success,Success (OCISLY),,16100.0,1
550,Launch of 28 Starlink v2 mini optimized satellites to a 295 km (183 mi) orbit at an inclination of 53° to expand internet constellation.,Launch of 28 Starlink v2 mini optimized satellites to a 295 km (183 mi) orbit at an inclination of 53° to expand internet constellation.,Other,Launch of 28 Starlink v2 mini optimized satellites to a 295 km (183 mi) orbit at an inclination of 53° to expand internet constellation.,Launch of 28 Starlink v2 mini optimized satellites to a 295 km (183 mi) orbit at an inclination of 53° to expand internet constellation.,Other,Launch of 28 Starlink v2 mini optimized satellites to a 295 km (183 mi) orbit at an inclination of 53° to expand internet constellation.,Launch of 28 Starlink v2 mini optimized satellites to a 295 km (183 mi) orbit at an inclination of 53° to expand internet constellation.,Launch of 28 Starlink v2 mini optimized satellites to a 295 km (183 mi) orbit at an inclination of 53° to expand internet constellation.,,28.0,0
551,"October 24, 2025 01:30[213]",F9 B5 B1076‑22,CCSFS,Spainsat NG II,"6,100 kg (13,400 lb)",GTO,Hisdesat,Success,No attempt,,6100.0,0
551,"Communications satellite built on the Eurostar-Neo platform, to be utilized by the Spanish government and its allies.[53] Second of two launches for the Spainsat-NG program. First stage booster was expended due to the performance needed to lift the 6,100 kg (13,400 lb) satellite to GTO.","Communications satellite built on the Eurostar-Neo platform, to be utilized by the Spanish government and its allies.[53] Second of two launches for the Spainsat-NG program. First stage booster was expended due to the performance needed to lift the 6,100 kg (13,400 lb) satellite to GTO.",Other,"Communications satellite built on the Eurostar-Neo platform, to be utilized by the Spanish government and its allies.[53] Second of two launches for the Spainsat-NG program. First stage booster was expended due to the performance needed to lift the 6,100 kg (13,400 lb) satellite to GTO.","Communications satellite built on the Eurostar-Neo platform, to be utilized by the Spanish government and its allies.[53] Second of two launches for the Spainsat-NG program. First stage booster was expended due to the performance needed to lift the 6,100 kg (13,400 lb) satellite to GTO.",GTO,"Communications satellite built on the Eurostar-Neo platform, to be utilized by the Spanish government and its allies.[53] Second of two launches for the Spainsat-NG program. First stage booster was expended due to the performance needed to lift the 6,100 kg (13,400 lb) satellite to GTO.","Communications satellite built on the Eurostar-Neo platform, to be utilized by the Spanish government and its allies.[53] Second of two launches for the Spainsat-NG program. First stage booster was expended due to the performance needed to lift the 6,100 kg (13,400 lb) satellite to GTO.","Communications satellite built on the Eurostar-Neo platform, to be utilized by the Spanish government and its allies.[53] Second of two launches for the Spainsat-NG program. First stage booster was expended due to the performance needed to lift the 6,100 kg (13,400 lb) satellite to GTO.",,53.0,0
552,"October 25, 2025 14:20[214]",F9 B5 B1081‑19,VSFB,Starlink: Group 11-12,"~16,100 kg (35,500 lb)",LEO,SpaceX,Success,Success (OCISLY),,16100.0,1
552,Launch of 28 Starlink v2 mini optimized satellites to a 295 km (183 mi) orbit at an inclination of 53° to expand internet constellation.,Launch of 28 Starlink v2 mini optimized satellites to a 295 km (183 mi) orbit at an inclination of 53° to expand internet constellation.,Other,Launch of 28 Starlink v2 mini optimized satellites to a 295 km (183 mi) orbit at an inclination of 53° to expand internet constellation.,Launch of 28 Starlink v2 mini optimized satellites to a 295 km (183 mi) orbit at an inclination of 53° to expand internet constellation.,Other,Launch of 28 Starlink v2 mini optimized satellites to a 295 km (183 mi) orbit at an inclination of 53° to expand internet constellation.,Launch of 28 Starlink v2 mini optimized satellites to a 295 km (183 mi) orbit at an inclination of 53° to expand internet constellation.,Launch of 28 Starlink v2 mini optimized satellites to a 295 km (183 mi) orbit at an inclination of 53° to expand internet constellation.,,28.0,0
553,"October 26, 2025 15:00[215]",F9 B5 B1077‑24,CCSFS,Starlink: Group 10-21,"~16,100 kg (35,500 lb)",LEO,SpaceX,Success,Success (ASOG),,16100.0,1
553,Launch of 28 Starlink v2 mini optimized satellites to a 279 km (173 mi) orbit at an inclination of 53° to expand internet constellation.,Launch of 28 Starlink v2 mini optimized satellites to a 279 km (173 mi) orbit at an inclination of 53° to expand internet constellation.,Other,Launch of 28 Starlink v2 mini optimized satellites to a 279 km (173 mi) orbit at an inclination of 53° to expand internet constellation.,Launch of 28 Starlink v2 mini optimized satellites to a 279 km (173 mi) orbit at an inclination of 53° to expand internet constellation.,Other,Launch of 28 Starlink v2 mini optimized satellites to a 279 km (173 mi) orbit at an inclination of 53° to expand internet constellation.,Launch of 28 Starlink v2 mini optimized satellites to a 279 km (173 mi) orbit at an inclination of 53° to expand internet constellation.,Launch of 28 Starlink v2 mini optimized satellites to a 279 km (173 mi) orbit at an inclination of 53° to expand internet constellation.,,28.0,0
554,"October 28, 2025 00:43[216]",F9 B5 B1082‑17,VSFB,Starlink: Group 11-21,"~16,100 kg (35,500 lb)",LEO,SpaceX,Success,Success (OCISLY),,16100.0,1
554,"Launch of 28 Starlink v2 mini optimized satellites to a 295 km (183 mi) orbit at an inclination of 53° to expand internet constellation. Fastest turnaround between two consecutive launches for SLC-4E, with 2 days and 10 hours between launches. The droneship made it to the landing position roughly 15 seconds before the start of propellant loading.[217]","Launch of 28 Starlink v2 mini optimized satellites to a 295 km (183 mi) orbit at an inclination of 53° to expand internet constellation. Fastest turnaround between two consecutive launches for SLC-4E, with 2 days and 10 hours between launches. The droneship made it to the landing position roughly 15 seconds before the start of propellant loading.[217]",VSFB,"Launch of 28 Starlink v2 mini optimized satellites to a 295 km (183 mi) orbit at an inclination of 53° to expand internet constellation. Fastest turnaround between two consecutive launches for SLC-4E, with 2 days and 10 hours between launches. The droneship made it to the landing position roughly 15 seconds before the start of propellant loading.[217]","Launch of 28 Starlink v2 mini optimized satellites to a 295 km (183 mi) orbit at an inclination of 53° to expand internet constellation. Fastest turnaround between two consecutive launches for SLC-4E, with 2 days and 10 hours between launches. The droneship made it to the landing position roughly 15 seconds before the start of propellant loading.[217]",PO,"Launch of 28 Starlink v2 mini optimized satellites to a 295 km (183 mi) orbit at an inclination of 53° to expand internet constellation. Fastest turnaround between two consecutive launches for SLC-4E, with 2 days and 10 hours between launches. The droneship made it to the landing position roughly 15 seconds before the start of propellant loading.[217]","Launch of 28 Starlink v2 mini optimized satellites to a 295 km (183 mi) orbit at an inclination of 53° to expand internet constellation. Fastest turnaround between two consecutive launches for SLC-4E, with 2 days and 10 hours between launches. The droneship made it to the landing position roughly 15 seconds before the start of propellant loading.[217]","Launch of 28 Starlink v2 mini optimized satellites to a 295 km (183 mi) orbit at an inclination of 53° to expand internet constellation. Fastest turnaround between two consecutive launches for SLC-4E, with 2 days and 10 hours between launches. The droneship made it to the landing position roughly 15 seconds before the start of propellant loading.[217]",,28.0,0
555,"October 29, 2025 16:35[218]",F9 B5 B1083‑15,CCSFS,Starlink: Group 10-37,"~16,675 kg (36,762 lb)",LEO,SpaceX,Success,Success (JRTI),,16675.0,1
555,Launch of 29 Starlink v2 mini optimized satellites to a 279 km (173 mi) orbit at an inclination of 53° to expand internet constellation. First time launch of 29 optimized Starlink v2 mini.,Launch of 29 Starlink v2 mini optimized satellites to a 279 km (173 mi) orbit at an inclination of 53° to expand internet constellation. First time launch of 29 optimized Starlink v2 mini.,Other,Launch of 29 Starlink v2 mini optimized satellites to a 279 km (173 mi) orbit at an inclination of 53° to expand internet constellation. First time launch of 29 optimized Starlink v2 mini.,Launch of 29 Starlink v2 mini optimized satellites to a 279 km (173 mi) orbit at an inclination of 53° to expand internet constellation. First time launch of 29 optimized Starlink v2 mini.,Other,Launch of 29 Starlink v2 mini optimized satellites to a 279 km (173 mi) orbit at an inclination of 53° to expand internet constellation. First time launch of 29 optimized Starlink v2 mini.,Launch of 29 Starlink v2 mini optimized satellites to a 279 km (173 mi) orbit at an inclination of 53° to expand internet constellation. First time launch of 29 optimized Starlink v2 mini.,Launch of 29 Starlink v2 mini optimized satellites to a 279 km (173 mi) orbit at an inclination of 53° to expand internet constellation. First time launch of 29 optimized Starlink v2 mini.,,29.0,0
556,"October 31, 2025 20:41[219]",F9 B5 B1063‑29,VSFB,Starlink: Group 11-23,"~16,100 kg (35,500 lb)",LEO,SpaceX,Success,Success (OCISLY),,16100.0,1
556,Launch of 28 Starlink v2 mini optimized satellites to a 295 km (183 mi) orbit at an inclination of 53° to expand internet constellation. 100th Starlink Mission in 2025. 500th Falcon 9 Block 5 launch.,Launch of 28 Starlink v2 mini optimized satellites to a 295 km (183 mi) orbit at an inclination of 53° to expand internet constellation. 100th Starlink Mission in 2025. 500th Falcon 9 Block 5 launch.,Other,Launch of 28 Starlink v2 mini optimized satellites to a 295 km (183 mi) orbit at an inclination of 53° to expand internet constellation. 100th Starlink Mission in 2025. 500th Falcon 9 Block 5 launch.,Launch of 28 Starlink v2 mini optimized satellites to a 295 km (183 mi) orbit at an inclination of 53° to expand internet constellation. 100th Starlink Mission in 2025. 500th Falcon 9 Block 5 launch.,ISS,Launch of 28 Starlink v2 mini optimized satellites to a 295 km (183 mi) orbit at an inclination of 53° to expand internet constellation. 100th Starlink Mission in 2025. 500th Falcon 9 Block 5 launch.,Launch of 28 Starlink v2 mini optimized satellites to a 295 km (183 mi) orbit at an inclination of 53° to expand internet constellation. 100th Starlink Mission in 2025. 500th Falcon 9 Block 5 launch.,Launch of 28 Starlink v2 mini optimized satellites to a 295 km (183 mi) orbit at an inclination of 53° to expand internet constellation. 100th Starlink Mission in 2025. 500th Falcon 9 Block 5 launch.,,28.0,0
557,"November 2, 2025 05:09[220]",F9 B5 B1091‑3,CCSFS,Bandwagon-4 (18 payloads smallsat rideshare)[82][221],Unknown[k],LEO,Various,Success,Success (LZ‑2),,6920.564516129032,1
557,Dedicated SmallSat Rideshare mission to 45 degree inclination 550–600 km altitude.,Dedicated SmallSat Rideshare mission to 45 degree inclination 550–600 km altitude.,Other,Dedicated SmallSat Rideshare mission to 45 degree inclination 550–600 km altitude.,Dedicated SmallSat Rideshare mission to 45 degree inclination 550–600 km altitude.,ISS,Dedicated SmallSat Rideshare mission to 45 degree inclination 550–600 km altitude.,Dedicated SmallSat Rideshare mission to 45 degree inclination 550–600 km altitude.,Dedicated SmallSat Rideshare mission to 45 degree inclination 550–600 km altitude.,,45.0,0
558,"November 6, 2025 01:31[222]",F9 B5 B1094‑5,CCSFS,Starlink: Group 6-81,"~16,675 kg (36,762 lb)",LEO,SpaceX,Success,Success (JRTI),,16675.0,1
558,Launch of 29 Starlink v2 mini optimized satellites to a 559 km (347 mi) orbit at an inclination of 43° to expand internet constellation. 500th successful Falcon 9 Block 5 Orbital launch.,Launch of 29 Starlink v2 mini optimized satellites to a 559 km (347 mi) orbit at an inclination of 43° to expand internet constellation. 500th successful Falcon 9 Block 5 Orbital launch.,Other,Launch of 29 Starlink v2 mini optimized satellites to a 559 km (347 mi) orbit at an inclination of 43° to expand internet constellation. 500th successful Falcon 9 Block 5 Orbital launch.,Launch of 29 Starlink v2 mini optimized satellites to a 559 km (347 mi) orbit at an inclination of 43° to expand internet constellation. 500th successful Falcon 9 Block 5 Orbital launch.,Other,Launch of 29 Starlink v2 mini optimized satellites to a 559 km (347 mi) orbit at an inclination of 43° to expand internet constellation. 500th successful Falcon 9 Block 5 Orbital launch.,Launch of 29 Starlink v2 mini optimized satellites to a 559 km (347 mi) orbit at an inclination of 43° to expand internet constellation. 500th successful Falcon 9 Block 5 Orbital launch.,Launch of 29 Starlink v2 mini optimized satellites to a 559 km (347 mi) orbit at an inclination of 43° to expand internet constellation. 500th successful Falcon 9 Block 5 Orbital launch.,,29.0,1
559,"November 6, 2025 21:13[223]",F9 B5 B1093‑8,VSFB,Starlink: Group 11-14,"~16,100 kg (35,500 lb)",LEO,SpaceX,Success,Success (OCISLY),,16100.0,1
559,Launch of 28 Starlink v2 mini optimized satellites to a 295 km (183 mi) orbit at an inclination of 53° to expand internet constellation.,Launch of 28 Starlink v2 mini optimized satellites to a 295 km (183 mi) orbit at an inclination of 53° to expand internet constellation.,Other,Launch of 28 Starlink v2 mini optimized satellites to a 295 km (183 mi) orbit at an inclination of 53° to expand internet constellation.,Launch of 28 Starlink v2 mini optimized satellites to a 295 km (183 mi) orbit at an inclination of 53° to expand internet constellation.,Other,Launch of 28 Starlink v2 mini optimized satellites to a 295 km (183 mi) orbit at an inclination of 53° to expand internet constellation.,Launch of 28 Starlink v2 mini optimized satellites to a 295 km (183 mi) orbit at an inclination of 53° to expand internet constellation.,Launch of 28 Starlink v2 mini optimized satellites to a 295 km (183 mi) orbit at an inclination of 53° to expand internet constellation.,,28.0,0
560,"November 9, 2025 08:10[224]",F9 B5 B1069‑28,KSC,Starlink: Group 10-51,"~16,675 kg (36,762 lb)",LEO,SpaceX,Success,Success (ASOG),,16675.0,1
560,Launch of 29 Starlink v2 mini optimized satellites to a 279 km (173 mi) orbit at an inclination of 53° to expand internet constellation.,Launch of 29 Starlink v2 mini optimized satellites to a 279 km (173 mi) orbit at an inclination of 53° to expand internet constellation.,Other,Launch of 29 Starlink v2 mini optimized satellites to a 279 km (173 mi) orbit at an inclination of 53° to expand internet constellation.,Launch of 29 Starlink v2 mini optimized satellites to a 279 km (173 mi) orbit at an inclination of 53° to expand internet constellation.,Other,Launch of 29 Starlink v2 mini optimized satellites to a 279 km (173 mi) orbit at an inclination of 53° to expand internet constellation.,Launch of 29 Starlink v2 mini optimized satellites to a 279 km (173 mi) orbit at an inclination of 53° to expand internet constellation.,Launch of 29 Starlink v2 mini optimized satellites to a 279 km (173 mi) orbit at an inclination of 53° to expand internet constellation.,,29.0,0
561,"November 11, 2025 03:21[225]",F9 B5 B1096‑3,CCSFS,Starlink: Group 6-87,"~16,675 kg (36,762 lb)",LEO,SpaceX,Success,Success (JRTI),,16675.0,1
561,Launch of 29 Starlink v2 mini optimized satellites to a 559 km (347 mi) orbit at an inclination of 43° to expand internet constellation.,Launch of 29 Starlink v2 mini optimized satellites to a 559 km (347 mi) orbit at an inclination of 43° to expand internet constellation.,Other,Launch of 29 Starlink v2 mini optimized satellites to a 559 km (347 mi) orbit at an inclination of 43° to expand internet constellation.,Launch of 29 Starlink v2 mini optimized satellites to a 559 km (347 mi) orbit at an inclination of 43° to expand internet constellation.,Other,Launch of 29 Starlink v2 mini optimized satellites to a 559 km (347 mi) orbit at an inclination of 43° to expand internet constellation.,Launch of 29 Starlink v2 mini optimized satellites to a 559 km (347 mi) orbit at an inclination of 43° to expand internet constellation.,Launch of 29 Starlink v2 mini optimized satellites to a 559 km (347 mi) orbit at an inclination of 43° to expand internet constellation.,,29.0,0
562,"November 15, 2025 03:08[226]",F9 B5 B1092‑8,KSC,Starlink: Group 6-89,"~16,675 kg (36,762 lb)",LEO,SpaceX,Success,Success (ASOG),,16675.0,1
562,Launch of 29 Starlink v2 mini optimized satellites to a 559 km (347 mi) orbit at an inclination of 43° to expand internet constellation.,Launch of 29 Starlink v2 mini optimized satellites to a 559 km (347 mi) orbit at an inclination of 43° to expand internet constellation.,Other,Launch of 29 Starlink v2 mini optimized satellites to a 559 km (347 mi) orbit at an inclination of 43° to expand internet constellation.,Launch of 29 Starlink v2 mini optimized satellites to a 559 km (347 mi) orbit at an inclination of 43° to expand internet constellation.,Other,Launch of 29 Starlink v2 mini optimized satellites to a 559 km (347 mi) orbit at an inclination of 43° to expand internet constellation.,Launch of 29 Starlink v2 mini optimized satellites to a 559 km (347 mi) orbit at an inclination of 43° to expand internet constellation.,Launch of 29 Starlink v2 mini optimized satellites to a 559 km (347 mi) orbit at an inclination of 43° to expand internet constellation.,,29.0,0
563,"November 15, 2025 06:44[227]",F9 B5 B1078‑24,CCSFS,Starlink: Group 6-85,"~16,675 kg (36,762 lb)",LEO,SpaceX,Success,Success (JRTI),,16675.0,1
563,Launch of 29 Starlink v2 mini optimized satellites to a 559 km (347 mi) orbit at an inclination of 43° to expand internet constellation.,Launch of 29 Starlink v2 mini optimized satellites to a 559 km (347 mi) orbit at an inclination of 43° to expand internet constellation.,Other,Launch of 29 Starlink v2 mini optimized satellites to a 559 km (347 mi) orbit at an inclination of 43° to expand internet constellation.,Launch of 29 Starlink v2 mini optimized satellites to a 559 km (347 mi) orbit at an inclination of 43° to expand internet constellation.,Other,Launch of 29 Starlink v2 mini optimized satellites to a 559 km (347 mi) orbit at an inclination of 43° to expand internet constellation.,Launch of 29 Starlink v2 mini optimized satellites to a 559 km (347 mi) orbit at an inclination of 43° to expand internet constellation.,Launch of 29 Starlink v2 mini optimized satellites to a 559 km (347 mi) orbit at an inclination of 43° to expand internet constellation.,,29.0,0
564,"November 17, 2025 05:21[228]",F9 B5 B1097‑3,VSFB,Sentinel-6B[229],"1,440 kg (3,170 lb)",LEO,NASA / NOAA / EUMETSAT / ESA,Success,Success (LZ‑4),,1440.0,1
564,Identical to Sentinel-6A.[230] 500th overall reflight of a flight-proven Falcon family booster.,Identical to Sentinel-6A.[230] 500th overall reflight of a flight-proven Falcon family booster.,Other,Identical to Sentinel-6A.[230] 500th overall reflight of a flight-proven Falcon family booster.,Identical to Sentinel-6A.[230] 500th overall reflight of a flight-proven Falcon family booster.,Other,Identical to Sentinel-6A.[230] 500th overall reflight of a flight-proven Falcon family booster.,Identical to Sentinel-6A.[230] 500th overall reflight of a flight-proven Falcon family booster.,Identical to Sentinel-6A.[230] 500th overall reflight of a flight-proven Falcon family booster.,,6.0,0
565,"November 19, 2025 00:12[231]",F9 B5 B1085‑12,CCSFS,Starlink: Group 6-94,"~16,675 kg (36,762 lb)",LEO,SpaceX,Success,Success (ASOG),,16675.0,1
565,Launch of 29 Starlink v2 mini optimized satellites to a 559 km (347 mi) orbit at an inclination of 43° to expand internet constellation.,Launch of 29 Starlink v2 mini optimized satellites to a 559 km (347 mi) orbit at an inclination of 43° to expand internet constellation.,Other,Launch of 29 Starlink v2 mini optimized satellites to a 559 km (347 mi) orbit at an inclination of 43° to expand internet constellation.,Launch of 29 Starlink v2 mini optimized satellites to a 559 km (347 mi) orbit at an inclination of 43° to expand internet constellation.,Other,Launch of 29 Starlink v2 mini optimized satellites to a 559 km (347 mi) orbit at an inclination of 43° to expand internet constellation.,Launch of 29 Starlink v2 mini optimized satellites to a 559 km (347 mi) orbit at an inclination of 43° to expand internet constellation.,Launch of 29 Starlink v2 mini optimized satellites to a 559 km (347 mi) orbit at an inclination of 43° to expand internet constellation.,,29.0,0
566,"November 21, 2025 03:39[232]",F9 B5 B1080‑23,KSC,Starlink: Group 6-78,"~16,675 kg (36,762 lb)",LEO,SpaceX,Success,Success (JRTI),,16675.0,1
566,Launch of 29 Starlink v2 mini optimized satellites to a 559 km (347 mi) orbit at an inclination of 43° to expand internet constellation. 1st time flying a fairing half for the 35th time.,Launch of 29 Starlink v2 mini optimized satellites to a 559 km (347 mi) orbit at an inclination of 43° to expand internet constellation. 1st time flying a fairing half for the 35th time.,Other,Launch of 29 Starlink v2 mini optimized satellites to a 559 km (347 mi) orbit at an inclination of 43° to expand internet constellation. 1st time flying a fairing half for the 35th time.,Launch of 29 Starlink v2 mini optimized satellites to a 559 km (347 mi) orbit at an inclination of 43° to expand internet constellation. 1st time flying a fairing half for the 35th time.,Other,Launch of 29 Starlink v2 mini optimized satellites to a 559 km (347 mi) orbit at an inclination of 43° to expand internet constellation. 1st time flying a fairing half for the 35th time.,Launch of 29 Starlink v2 mini optimized satellites to a 559 km (347 mi) orbit at an inclination of 43° to expand internet constellation. 1st time flying a fairing half for the 35th time.,Launch of 29 Starlink v2 mini optimized satellites to a 559 km (347 mi) orbit at an inclination of 43° to expand internet constellation. 1st time flying a fairing half for the 35th time.,,29.0,0
567,"November 22, 2025 07:53[233]",F9 B5 B1090‑9,CCSFS,Starlink: Group 6-79,"~16,675 kg (36,762 lb)",LEO,SpaceX,Success,Success (ASOG),,16675.0,1
567,Launch of 29 Starlink v2 mini optimized satellites to a 559 km (347 mi) orbit at an inclination of 43° to expand internet constellation. 150th Falcon 9 launch of the year.,Launch of 29 Starlink v2 mini optimized satellites to a 559 km (347 mi) orbit at an inclination of 43° to expand internet constellation. 150th Falcon 9 launch of the year.,Other,Launch of 29 Starlink v2 mini optimized satellites to a 559 km (347 mi) orbit at an inclination of 43° to expand internet constellation. 150th Falcon 9 launch of the year.,Launch of 29 Starlink v2 mini optimized satellites to a 559 km (347 mi) orbit at an inclination of 43° to expand internet constellation. 150th Falcon 9 launch of the year.,Other,Launch of 29 Starlink v2 mini optimized satellites to a 559 km (347 mi) orbit at an inclination of 43° to expand internet constellation. 150th Falcon 9 launch of the year.,Launch of 29 Starlink v2 mini optimized satellites to a 559 km (347 mi) orbit at an inclination of 43° to expand internet constellation. 150th Falcon 9 launch of the year.,Launch of 29 Starlink v2 mini optimized satellites to a 559 km (347 mi) orbit at an inclination of 43° to expand internet constellation. 150th Falcon 9 launch of the year.,,29.0,0
568,"November 23, 2025 08:48[234]",F9 B5 B1100‑1,VSFB,Starlink: Group 11-30,"~16,100 kg (35,500 lb)",LEO,SpaceX,Success,Success (OCISLY),,16100.0,1
568,Launch of 28 Starlink v2 mini optimized satellites to a 295 km (183 mi) orbit at an inclination of 53° to expand internet constellation.,Launch of 28 Starlink v2 mini optimized satellites to a 295 km (183 mi) orbit at an inclination of 53° to expand internet constellation.,Other,Launch of 28 Starlink v2 mini optimized satellites to a 295 km (183 mi) orbit at an inclination of 53° to expand internet constellation.,Launch of 28 Starlink v2 mini optimized satellites to a 295 km (183 mi) orbit at an inclination of 53° to expand internet constellation.,Other,Launch of 28 Starlink v2 mini optimized satellites to a 295 km (183 mi) orbit at an inclination of 53° to expand internet constellation.,Launch of 28 Starlink v2 mini optimized satellites to a 295 km (183 mi) orbit at an inclination of 53° to expand internet constellation.,Launch of 28 Starlink v2 mini optimized satellites to a 295 km (183 mi) orbit at an inclination of 53° to expand internet constellation.,,28.0,0
569,"November 28, 2025 18:44[235]",F9 B5 B1071‑30,VSFB,Transporter-15 (140 payloads smallsat rideshare)[82],Unknown[k],SSO,Various,Success,Success (OCISLY),,6920.564516129032,1
569,"Dedicated SmallSat rideshare mission to sun-synchronous orbit. Includes ESA's HydroGNSS mission. Payload likely heavier than most rideshares due to barge landing of first stage. First time, a booster completed launching 1000 cumulative satellites to space.","Dedicated SmallSat rideshare mission to sun-synchronous orbit. Includes ESA's HydroGNSS mission. Payload likely heavier than most rideshares due to barge landing of first stage. First time, a booster completed launching 1000 cumulative satellites to space.",Other,"Dedicated SmallSat rideshare mission to sun-synchronous orbit. Includes ESA's HydroGNSS mission. Payload likely heavier than most rideshares due to barge landing of first stage. First time, a booster completed launching 1000 cumulative satellites to space.","Dedicated SmallSat rideshare mission to sun-synchronous orbit. Includes ESA's HydroGNSS mission. Payload likely heavier than most rideshares due to barge landing of first stage. First time, a booster completed launching 1000 cumulative satellites to space.",SSO,"Dedicated SmallSat rideshare mission to sun-synchronous orbit. Includes ESA's HydroGNSS mission. Payload likely heavier than most rideshares due to barge landing of first stage. First time, a booster completed launching 1000 cumulative satellites to space.","Dedicated SmallSat rideshare mission to sun-synchronous orbit. Includes ESA's HydroGNSS mission. Payload likely heavier than most rideshares due to barge landing of first stage. First time, a booster completed launching 1000 cumulative satellites to space.","Dedicated SmallSat rideshare mission to sun-synchronous orbit. Includes ESA's HydroGNSS mission. Payload likely heavier than most rideshares due to barge landing of first stage. First time, a booster completed launching 1000 cumulative satellites to space.",,1000.0,0
570,"December 1, 2025 07:44[236]",F9 B5 B1095‑4,KSC,Starlink: Group 6-86,"~16,675 kg (36,762 lb)",LEO,SpaceX,Success,Success (JRTI),,16675.0,1
570,Launch of 29 Starlink v2 mini optimized satellites to a 559 km (347 mi) orbit at an inclination of 43° to expand internet constellation.,Launch of 29 Starlink v2 mini optimized satellites to a 559 km (347 mi) orbit at an inclination of 43° to expand internet constellation.,Other,Launch of 29 Starlink v2 mini optimized satellites to a 559 km (347 mi) orbit at an inclination of 43° to expand internet constellation.,Launch of 29 Starlink v2 mini optimized satellites to a 559 km (347 mi) orbit at an inclination of 43° to expand internet constellation.,Other,Launch of 29 Starlink v2 mini optimized satellites to a 559 km (347 mi) orbit at an inclination of 43° to expand internet constellation.,Launch of 29 Starlink v2 mini optimized satellites to a 559 km (347 mi) orbit at an inclination of 43° to expand internet constellation.,Launch of 29 Starlink v2 mini optimized satellites to a 559 km (347 mi) orbit at an inclination of 43° to expand internet constellation.,,29.0,0
571,"December 2, 2025 05:28[237]",F9 B5 B1081‑20,VSFB,Starlink: Group 15-10,"~15,525 kg (34,227 lb)",LEO,SpaceX,Success,Success (OCISLY),,15525.0,1
571,Launch of 27 Starlink v2 mini optimized satellites to a 295 km (183 mi) orbit at an inclination of 70° to expand internet constellation.,Launch of 27 Starlink v2 mini optimized satellites to a 295 km (183 mi) orbit at an inclination of 70° to expand internet constellation.,Other,Launch of 27 Starlink v2 mini optimized satellites to a 295 km (183 mi) orbit at an inclination of 70° to expand internet constellation.,Launch of 27 Starlink v2 mini optimized satellites to a 295 km (183 mi) orbit at an inclination of 70° to expand internet constellation.,Other,Launch of 27 Starlink v2 mini optimized satellites to a 295 km (183 mi) orbit at an inclination of 70° to expand internet constellation.,Launch of 27 Starlink v2 mini optimized satellites to a 295 km (183 mi) orbit at an inclination of 70° to expand internet constellation.,Launch of 27 Starlink v2 mini optimized satellites to a 295 km (183 mi) orbit at an inclination of 70° to expand internet constellation.,,27.0,0
572,"December 2, 2025 22:18[238]",F9 B5 B1077‑25,CCSFS,Starlink: Group 6-95,"~16,675 kg (36,762 lb)",LEO,SpaceX,Success,Success (ASOG),,16675.0,1
572,Launch of 29 Starlink v2 mini optimized satellites to a 559 km (347 mi) orbit at an inclination of 43° to expand internet constellation.,Launch of 29 Starlink v2 mini optimized satellites to a 559 km (347 mi) orbit at an inclination of 43° to expand internet constellation.,Other,Launch of 29 Starlink v2 mini optimized satellites to a 559 km (347 mi) orbit at an inclination of 43° to expand internet constellation.,Launch of 29 Starlink v2 mini optimized satellites to a 559 km (347 mi) orbit at an inclination of 43° to expand internet constellation.,Other,Launch of 29 Starlink v2 mini optimized satellites to a 559 km (347 mi) orbit at an inclination of 43° to expand internet constellation.,Launch of 29 Starlink v2 mini optimized satellites to a 559 km (347 mi) orbit at an inclination of 43° to expand internet constellation.,Launch of 29 Starlink v2 mini optimized satellites to a 559 km (347 mi) orbit at an inclination of 43° to expand internet constellation.,,29.0,0
573,"December 4, 2025 20:42[239]",F9 B5 B1097‑4,VSFB,Starlink: Group 11-25,"~16,100 kg (35,500 lb)",LEO,SpaceX,Success,Success (OCISLY),,16100.0,1
573,Launch of 28 Starlink v2 mini optimized satellites to a 295 km (183 mi) orbit at an inclination of 53° to expand internet constellation.,Launch of 28 Starlink v2 mini optimized satellites to a 295 km (183 mi) orbit at an inclination of 53° to expand internet constellation.,Other,Launch of 28 Starlink v2 mini optimized satellites to a 295 km (183 mi) orbit at an inclination of 53° to expand internet constellation.,Launch of 28 Starlink v2 mini optimized satellites to a 295 km (183 mi) orbit at an inclination of 53° to expand internet constellation.,Other,Launch of 28 Starlink v2 mini optimized satellites to a 295 km (183 mi) orbit at an inclination of 53° to expand internet constellation.,Launch of 28 Starlink v2 mini optimized satellites to a 295 km (183 mi) orbit at an inclination of 53° to expand internet constellation.,Launch of 28 Starlink v2 mini optimized satellites to a 295 km (183 mi) orbit at an inclination of 53° to expand internet constellation.,,28.0,0
574,"December 7, 2025 17:58[240]",F9 B5 B1088‑12,VSFB,Starlink: Group 11-15,"~16,100 kg (35,500 lb)",LEO,SpaceX,Success,Success (OCISLY),,16100.0,1
574,Launch of 28 Starlink v2 mini optimized satellites to a 295 km (183 mi) orbit at an inclination of 53° to expand internet constellation.,Launch of 28 Starlink v2 mini optimized satellites to a 295 km (183 mi) orbit at an inclination of 53° to expand internet constellation.,Other,Launch of 28 Starlink v2 mini optimized satellites to a 295 km (183 mi) orbit at an inclination of 53° to expand internet constellation.,Launch of 28 Starlink v2 mini optimized satellites to a 295 km (183 mi) orbit at an inclination of 53° to expand internet constellation.,Other,Launch of 28 Starlink v2 mini optimized satellites to a 295 km (183 mi) orbit at an inclination of 53° to expand internet constellation.,Launch of 28 Starlink v2 mini optimized satellites to a 295 km (183 mi) orbit at an inclination of 53° to expand internet constellation.,Launch of 28 Starlink v2 mini optimized satellites to a 295 km (183 mi) orbit at an inclination of 53° to expand internet constellation.,,28.0,0
575,"December 8, 2025 22:26[241]",F9 B5 B1067‑32,KSC,Starlink: Group 6-92,"~16,675 kg (36,762 lb)",LEO,SpaceX,Success,Success (ASOG),,16675.0,1
575,Launch of 29 Starlink v2 mini optimized satellites to a 559 km (347 mi) orbit at an inclination of 43° to expand internet constellation. First booster to fly 32 missions.,Launch of 29 Starlink v2 mini optimized satellites to a 559 km (347 mi) orbit at an inclination of 43° to expand internet constellation. First booster to fly 32 missions.,Other,Launch of 29 Starlink v2 mini optimized satellites to a 559 km (347 mi) orbit at an inclination of 43° to expand internet constellation. First booster to fly 32 missions.,Launch of 29 Starlink v2 mini optimized satellites to a 559 km (347 mi) orbit at an inclination of 43° to expand internet constellation. First booster to fly 32 missions.,ISS,Launch of 29 Starlink v2 mini optimized satellites to a 559 km (347 mi) orbit at an inclination of 43° to expand internet constellation. First booster to fly 32 missions.,Launch of 29 Starlink v2 mini optimized satellites to a 559 km (347 mi) orbit at an inclination of 43° to expand internet constellation. First booster to fly 32 missions.,Launch of 29 Starlink v2 mini optimized satellites to a 559 km (347 mi) orbit at an inclination of 43° to expand internet constellation. First booster to fly 32 missions.,,29.0,0
576,"December 9, 2025 19:16[242]",F9 B5 B1096‑4,CCSFS,NROL-77[243][244],Unknown,LEO,NRO,Success,Success (LZ‑2),,6920.564516129032,1
576,Launch is part of Phase 2 US Air Force contract awarded in 2022.,Launch is part of Phase 2 US Air Force contract awarded in 2022.,Other,Launch is part of Phase 2 US Air Force contract awarded in 2022.,Launch is part of Phase 2 US Air Force contract awarded in 2022.,Other,Launch is part of Phase 2 US Air Force contract awarded in 2022.,Launch is part of Phase 2 US Air Force contract awarded in 2022.,Launch is part of Phase 2 US Air Force contract awarded in 2022.,,2.0,0
577,"December 10, 2025 11:40[245]",F9 B5 B1082‑18,VSFB,Starlink: Group 15-11,"~15,525 kg (34,227 lb)",LEO,SpaceX,Success,Success (OCISLY),,15525.0,1
577,Launch of 27 Starlink v2 mini optimized satellites to a 295 km (183 mi) orbit at an inclination of 70° to expand internet constellation.,Launch of 27 Starlink v2 mini optimized satellites to a 295 km (183 mi) orbit at an inclination of 70° to expand internet constellation.,Other,Launch of 27 Starlink v2 mini optimized satellites to a 295 km (183 mi) orbit at an inclination of 70° to expand internet constellation.,Launch of 27 Starlink v2 mini optimized satellites to a 295 km (183 mi) orbit at an inclination of 70° to expand internet constellation.,Other,Launch of 27 Starlink v2 mini optimized satellites to a 295 km (183 mi) orbit at an inclination of 70° to expand internet constellation.,Launch of 27 Starlink v2 mini optimized satellites to a 295 km (183 mi) orbit at an inclination of 70° to expand internet constellation.,Launch of 27 Starlink v2 mini optimized satellites to a 295 km (183 mi) orbit at an inclination of 70° to expand internet constellation.,,27.0,0
578,"December 11, 2025 22:01[246]",F9 B5 B1083‑16,CCSFS,Starlink: Group 6-90,"~16,675 kg (36,762 lb)",LEO,SpaceX,Success,Success (JRTI),,16675.0,1
578,Launch of 29 Starlink v2 mini optimized satellites to a 559 km (347 mi) orbit at an inclination of 43° to expand internet constellation. Fastest turnaround at SLC-40 between two launches at 50 hours and 44 minutes.[247],Launch of 29 Starlink v2 mini optimized satellites to a 559 km (347 mi) orbit at an inclination of 43° to expand internet constellation. Fastest turnaround at SLC-40 between two launches at 50 hours and 44 minutes.[247],CCSFS,Launch of 29 Starlink v2 mini optimized satellites to a 559 km (347 mi) orbit at an inclination of 43° to expand internet constellation. Fastest turnaround at SLC-40 between two launches at 50 hours and 44 minutes.[247],Launch of 29 Starlink v2 mini optimized satellites to a 559 km (347 mi) orbit at an inclination of 43° to expand internet constellation. Fastest turnaround at SLC-40 between two launches at 50 hours and 44 minutes.[247],Other,Launch of 29 Starlink v2 mini optimized satellites to a 559 km (347 mi) orbit at an inclination of 43° to expand internet constellation. Fastest turnaround at SLC-40 between two launches at 50 hours and 44 minutes.[247],Launch of 29 Starlink v2 mini optimized satellites to a 559 km (347 mi) orbit at an inclination of 43° to expand internet constellation. Fastest turnaround at SLC-40 between two launches at 50 hours and 44 minutes.[247],Launch of 29 Starlink v2 mini optimized satellites to a 559 km (347 mi) orbit at an inclination of 43° to expand internet constellation. Fastest turnaround at SLC-40 between two launches at 50 hours and 44 minutes.[247],,29.0,0
579,"December 14, 2025 05:49[248]",F9 B5 B1093‑9,VSFB,Starlink: Group 15-12,"~15,525 kg (34,227 lb)",LEO,SpaceX,Success,Success (OCISLY),,15525.0,1
579,Launch of 27 Starlink v2 mini optimized satellites to a 295 km (183 mi) orbit at an inclination of 70° to expand internet constellation.,Launch of 27 Starlink v2 mini optimized satellites to a 295 km (183 mi) orbit at an inclination of 70° to expand internet constellation.,Other,Launch of 27 Starlink v2 mini optimized satellites to a 295 km (183 mi) orbit at an inclination of 70° to expand internet constellation.,Launch of 27 Starlink v2 mini optimized satellites to a 295 km (183 mi) orbit at an inclination of 70° to expand internet constellation.,Other,Launch of 27 Starlink v2 mini optimized satellites to a 295 km (183 mi) orbit at an inclination of 70° to expand internet constellation.,Launch of 27 Starlink v2 mini optimized satellites to a 295 km (183 mi) orbit at an inclination of 70° to expand internet constellation.,Launch of 27 Starlink v2 mini optimized satellites to a 295 km (183 mi) orbit at an inclination of 70° to expand internet constellation.,,27.0,0
580,"December 15, 2025 05:25[249]",F9 B5 B1092‑9,CCSFS,Starlink: Group 6-82,"~16,675 kg (36,762 lb)",LEO,SpaceX,Success,Success (ASOG),,16675.0,1
580,Launch of 29 Starlink v2 mini optimized satellites to a 559 km (347 mi) orbit at an inclination of 43° to expand internet constellation.,Launch of 29 Starlink v2 mini optimized satellites to a 559 km (347 mi) orbit at an inclination of 43° to expand internet constellation.,Other,Launch of 29 Starlink v2 mini optimized satellites to a 559 km (347 mi) orbit at an inclination of 43° to expand internet constellation.,Launch of 29 Starlink v2 mini optimized satellites to a 559 km (347 mi) orbit at an inclination of 43° to expand internet constellation.,Other,Launch of 29 Starlink v2 mini optimized satellites to a 559 km (347 mi) orbit at an inclination of 43° to expand internet constellation.,Launch of 29 Starlink v2 mini optimized satellites to a 559 km (347 mi) orbit at an inclination of 43° to expand internet constellation.,Launch of 29 Starlink v2 mini optimized satellites to a 559 km (347 mi) orbit at an inclination of 43° to expand internet constellation.,,29.0,0
581,"December 17, 2025 13:42[250]",F9 B5 B1094‑6,KSC,Starlink: Group 6-99,"~16,675 kg (36,762 lb)",LEO,SpaceX,Success,Success (JRTI),,16675.0,1
581,Launch of 29 Starlink v2 mini optimized satellites to a 559 km (347 mi) orbit at an inclination of 43° to expand internet constellation.,Launch of 29 Starlink v2 mini optimized satellites to a 559 km (347 mi) orbit at an inclination of 43° to expand internet constellation.,Other,Launch of 29 Starlink v2 mini optimized satellites to a 559 km (347 mi) orbit at an inclination of 43° to expand internet constellation.,Launch of 29 Starlink v2 mini optimized satellites to a 559 km (347 mi) orbit at an inclination of 43° to expand internet constellation.,Other,Launch of 29 Starlink v2 mini optimized satellites to a 559 km (347 mi) orbit at an inclination of 43° to expand internet constellation.,Launch of 29 Starlink v2 mini optimized satellites to a 559 km (347 mi) orbit at an inclination of 43° to expand internet constellation.,Launch of 29 Starlink v2 mini optimized satellites to a 559 km (347 mi) orbit at an inclination of 43° to expand internet constellation.,,29.0,0
582,"December 17, 2025 15:27[251]",F9 B5 B1063‑30,VSFB,Starlink: Group 15-13,"~15,525 kg (34,227 lb)",LEO,SpaceX,Success,Success (OCISLY),,15525.0,1
582,Launch of 27 Starlink v2 mini optimized satellites to a 295 km (183 mi) orbit at an inclination of 70° to expand internet constellation. 1st time flying a fairing half for the 36th time.,Launch of 27 Starlink v2 mini optimized satellites to a 295 km (183 mi) orbit at an inclination of 70° to expand internet constellation. 1st time flying a fairing half for the 36th time.,Other,Launch of 27 Starlink v2 mini optimized satellites to a 295 km (183 mi) orbit at an inclination of 70° to expand internet constellation. 1st time flying a fairing half for the 36th time.,Launch of 27 Starlink v2 mini optimized satellites to a 295 km (183 mi) orbit at an inclination of 70° to expand internet constellation. 1st time flying a fairing half for the 36th time.,Other,Launch of 27 Starlink v2 mini optimized satellites to a 295 km (183 mi) orbit at an inclination of 70° to expand internet constellation. 1st time flying a fairing half for the 36th time.,Launch of 27 Starlink v2 mini optimized satellites to a 295 km (183 mi) orbit at an inclination of 70° to expand internet constellation. 1st time flying a fairing half for the 36th time.,Launch of 27 Starlink v2 mini optimized satellites to a 295 km (183 mi) orbit at an inclination of 70° to expand internet constellation. 1st time flying a fairing half for the 36th time.,,27.0,0
583,"January 3, 2026 02:09[253]",F9 B5 B1081‑21,VSFB,CSG-3,"2,230 kg (4,920 lb)",SSO,ASI,Success,Success (LZ‑4),,2230.0,1
583,Third COSMO-SkyMed 2nd-generation satellite. 100th Falcon booster ground pad landing.,Third COSMO-SkyMed 2nd-generation satellite. 100th Falcon booster ground pad landing.,Other,Third COSMO-SkyMed 2nd-generation satellite. 100th Falcon booster ground pad landing.,Third COSMO-SkyMed 2nd-generation satellite. 100th Falcon booster ground pad landing.,Other,Third COSMO-SkyMed 2nd-generation satellite. 100th Falcon booster ground pad landing.,Third COSMO-SkyMed 2nd-generation satellite. 100th Falcon booster ground pad landing.,Third COSMO-SkyMed 2nd-generation satellite. 100th Falcon booster ground pad landing.,,2.0,0
584,"January 4, 2026 06:48[254]",F9 B5 B1101‑1,CCSFS,Starlink: Group 6-88,"~16,675 kg (36,762 lb)",LEO,SpaceX,Success,Success (JRTI),,16675.0,1
584,Launch of 29 Starlink v2 mini optimized satellites to a 559 km (347 mi) orbit at an inclination of 43° to expand internet constellation.,Launch of 29 Starlink v2 mini optimized satellites to a 559 km (347 mi) orbit at an inclination of 43° to expand internet constellation.,Other,Launch of 29 Starlink v2 mini optimized satellites to a 559 km (347 mi) orbit at an inclination of 43° to expand internet constellation.,Launch of 29 Starlink v2 mini optimized satellites to a 559 km (347 mi) orbit at an inclination of 43° to expand internet constellation.,Other,Launch of 29 Starlink v2 mini optimized satellites to a 559 km (347 mi) orbit at an inclination of 43° to expand internet constellation.,Launch of 29 Starlink v2 mini optimized satellites to a 559 km (347 mi) orbit at an inclination of 43° to expand internet constellation.,Launch of 29 Starlink v2 mini optimized satellites to a 559 km (347 mi) orbit at an inclination of 43° to expand internet constellation.,,29.0,0
585,"January 9, 2026 21:41[255]",F9 B5 B1069‑29,CCSFS,Starlink: Group 6-96,"~16,675 kg (36,762 lb)",LEO,SpaceX,Success,Success (ASOG),,16675.0,1
585,Launch of 29 Starlink v2 mini optimized satellites to a 559 km (347 mi) orbit at an inclination of 43° to expand internet constellation.,Launch of 29 Starlink v2 mini optimized satellites to a 559 km (347 mi) orbit at an inclination of 43° to expand internet constellation.,Other,Launch of 29 Starlink v2 mini optimized satellites to a 559 km (347 mi) orbit at an inclination of 43° to expand internet constellation.,Launch of 29 Starlink v2 mini optimized satellites to a 559 km (347 mi) orbit at an inclination of 43° to expand internet constellation.,Other,Launch of 29 Starlink v2 mini optimized satellites to a 559 km (347 mi) orbit at an inclination of 43° to expand internet constellation.,Launch of 29 Starlink v2 mini optimized satellites to a 559 km (347 mi) orbit at an inclination of 43° to expand internet constellation.,Launch of 29 Starlink v2 mini optimized satellites to a 559 km (347 mi) orbit at an inclination of 43° to expand internet constellation.,,29.0,0
586,"January 11, 2026 13:44[256]",F9 B5 B1097‑5,VSFB,Twilight (Pandora and others 39 payloads),325 kg (717 lb) (main satellite),SSO,NASA & Various,Success,Success (LZ‑4),,325.0,1
586,Dedicated SmallSat rideshare mission to sun-synchronous orbit.,Dedicated SmallSat rideshare mission to sun-synchronous orbit.,Other,Dedicated SmallSat rideshare mission to sun-synchronous orbit.,Dedicated SmallSat rideshare mission to sun-synchronous orbit.,SSO,Dedicated SmallSat rideshare mission to sun-synchronous orbit.,Dedicated SmallSat rideshare mission to sun-synchronous orbit.,Dedicated SmallSat rideshare mission to sun-synchronous orbit.,,6920.564516129032,0
587,"January 12, 2026 21:08[257]",F9 B5 B1078‑25,CCSFS,Starlink: Group 6-97,"~16,675 kg (36,762 lb)",LEO,SpaceX,Success,Success (JRTI),,16675.0,1
587,Launch of 29 Starlink v2 mini optimized satellites to a 559 km (347 mi) orbit at an inclination of 43° to expand internet constellation.,Launch of 29 Starlink v2 mini optimized satellites to a 559 km (347 mi) orbit at an inclination of 43° to expand internet constellation.,Other,Launch of 29 Starlink v2 mini optimized satellites to a 559 km (347 mi) orbit at an inclination of 43° to expand internet constellation.,Launch of 29 Starlink v2 mini optimized satellites to a 559 km (347 mi) orbit at an inclination of 43° to expand internet constellation.,Other,Launch of 29 Starlink v2 mini optimized satellites to a 559 km (347 mi) orbit at an inclination of 43° to expand internet constellation.,Launch of 29 Starlink v2 mini optimized satellites to a 559 km (347 mi) orbit at an inclination of 43° to expand internet constellation.,Launch of 29 Starlink v2 mini optimized satellites to a 559 km (347 mi) orbit at an inclination of 43° to expand internet constellation.,,29.0,0
588,"January 14, 2026 18:08[258]",F9 B5 B1085‑13,CCSFS,Starlink: Group 6-98,"~16,675 kg (36,762 lb)",LEO,SpaceX,Success,Success (ASOG),,16675.0,1
588,"Launch of 29 Starlink v2 mini optimized satellites to a 559 km (347 mi) orbit at an inclination of 43° to expand internet constellation. A new pad turnaround time record, launching 45 hours and 0 minutes after the previous mission.[259]","Launch of 29 Starlink v2 mini optimized satellites to a 559 km (347 mi) orbit at an inclination of 43° to expand internet constellation. A new pad turnaround time record, launching 45 hours and 0 minutes after the previous mission.[259]",Other,"Launch of 29 Starlink v2 mini optimized satellites to a 559 km (347 mi) orbit at an inclination of 43° to expand internet constellation. A new pad turnaround time record, launching 45 hours and 0 minutes after the previous mission.[259]","Launch of 29 Starlink v2 mini optimized satellites to a 559 km (347 mi) orbit at an inclination of 43° to expand internet constellation. A new pad turnaround time record, launching 45 hours and 0 minutes after the previous mission.[259]",ISS,"Launch of 29 Starlink v2 mini optimized satellites to a 559 km (347 mi) orbit at an inclination of 43° to expand internet constellation. A new pad turnaround time record, launching 45 hours and 0 minutes after the previous mission.[259]","Launch of 29 Starlink v2 mini optimized satellites to a 559 km (347 mi) orbit at an inclination of 43° to expand internet constellation. A new pad turnaround time record, launching 45 hours and 0 minutes after the previous mission.[259]","Launch of 29 Starlink v2 mini optimized satellites to a 559 km (347 mi) orbit at an inclination of 43° to expand internet constellation. A new pad turnaround time record, launching 45 hours and 0 minutes after the previous mission.[259]",,29.0,0
589,"January 17, 2026 04:39[260]",F9 B5 B1100‑2,VSFB,NROL-105 (9 Starshield satellites),Unknown,LEO,NRO,Success,Success (LZ‑4),,6920.564516129032,1
589,Twelfth batch SpaceX/Northrop Grumman-built Starshield satellites for the National Reconnaissance Office.,Twelfth batch SpaceX/Northrop Grumman-built Starshield satellites for the National Reconnaissance Office.,Other,Twelfth batch SpaceX/Northrop Grumman-built Starshield satellites for the National Reconnaissance Office.,Twelfth batch SpaceX/Northrop Grumman-built Starshield satellites for the National Reconnaissance Office.,ISS,Twelfth batch SpaceX/Northrop Grumman-built Starshield satellites for the National Reconnaissance Office.,Twelfth batch SpaceX/Northrop Grumman-built Starshield satellites for the National Reconnaissance Office.,Twelfth batch SpaceX/Northrop Grumman-built Starshield satellites for the National Reconnaissance Office.,,6920.564516129032,0
590,"January 18, 2026 23:31[261]",F9 B5 B1080‑24,CCSFS,Starlink: Group 6-100,"~16,675 kg (36,762 lb)",LEO,SpaceX,Success,Success (ASOG),,16675.0,1
590,Launch of 29 Starlink v2 mini optimized satellites to a 559 km (347 mi) orbit at an inclination of 43° to expand internet constellation.,Launch of 29 Starlink v2 mini optimized satellites to a 559 km (347 mi) orbit at an inclination of 43° to expand internet constellation.,Other,Launch of 29 Starlink v2 mini optimized satellites to a 559 km (347 mi) orbit at an inclination of 43° to expand internet constellation.,Launch of 29 Starlink v2 mini optimized satellites to a 559 km (347 mi) orbit at an inclination of 43° to expand internet constellation.,Other,Launch of 29 Starlink v2 mini optimized satellites to a 559 km (347 mi) orbit at an inclination of 43° to expand internet constellation.,Launch of 29 Starlink v2 mini optimized satellites to a 559 km (347 mi) orbit at an inclination of 43° to expand internet constellation.,Launch of 29 Starlink v2 mini optimized satellites to a 559 km (347 mi) orbit at an inclination of 43° to expand internet constellation.,,29.0,0
591,"January 22, 2026 05:47[262]",F9 B5 B1093‑10,VSFB,Starlink: Group 17-30,"~14,375 kg (31,691 lb)",SSO,SpaceX,Success,Success (OCISLY),,14375.0,1
591,Launch of 25 Starlink v2 mini satellites to a 281 km (175 mi) orbit at an inclination of 97° to expand internet constellation.,Launch of 25 Starlink v2 mini satellites to a 281 km (175 mi) orbit at an inclination of 97° to expand internet constellation.,Other,Launch of 25 Starlink v2 mini satellites to a 281 km (175 mi) orbit at an inclination of 97° to expand internet constellation.,Launch of 25 Starlink v2 mini satellites to a 281 km (175 mi) orbit at an inclination of 97° to expand internet constellation.,Other,Launch of 25 Starlink v2 mini satellites to a 281 km (175 mi) orbit at an inclination of 97° to expand internet constellation.,Launch of 25 Starlink v2 mini satellites to a 281 km (175 mi) orbit at an inclination of 97° to expand internet constellation.,Launch of 25 Starlink v2 mini satellites to a 281 km (175 mi) orbit at an inclination of 97° to expand internet constellation.,,25.0,0
592,"January 25, 2026 17:30[263]",F9 B5 B1097‑6,VSFB,Starlink: Group 17-20,"~14,375 kg (31,691 lb)",SSO,SpaceX,Success,Success (OCISLY),,14375.0,1
592,Launch of 25 Starlink v2 mini satellites to a 281 km (175 mi) orbit at an inclination of 97° to expand internet constellation. Some Starship tiles were placed on the exterior of fairing for testing.[264],Launch of 25 Starlink v2 mini satellites to a 281 km (175 mi) orbit at an inclination of 97° to expand internet constellation. Some Starship tiles were placed on the exterior of fairing for testing.[264],Other,Launch of 25 Starlink v2 mini satellites to a 281 km (175 mi) orbit at an inclination of 97° to expand internet constellation. Some Starship tiles were placed on the exterior of fairing for testing.[264],Launch of 25 Starlink v2 mini satellites to a 281 km (175 mi) orbit at an inclination of 97° to expand internet constellation. Some Starship tiles were placed on the exterior of fairing for testing.[264],Other,Launch of 25 Starlink v2 mini satellites to a 281 km (175 mi) orbit at an inclination of 97° to expand internet constellation. Some Starship tiles were placed on the exterior of fairing for testing.[264],Launch of 25 Starlink v2 mini satellites to a 281 km (175 mi) orbit at an inclination of 97° to expand internet constellation. Some Starship tiles were placed on the exterior of fairing for testing.[264],Launch of 25 Starlink v2 mini satellites to a 281 km (175 mi) orbit at an inclination of 97° to expand internet constellation. Some Starship tiles were placed on the exterior of fairing for testing.[264],,25.0,0
593,"January 28, 2026 04:53[265]",F9 B5 B1096‑5,CCSFS,GPS III-9,"4,350 kg (9,590 lb)",MEO,USSF,Success,Success (ASOG),,4350.0,1
593,"Part of Phase 3 Lane 2 US Space Force contract awarded in 2025. The launch of GPS III-9 was originally scheduled for Vulcan, but was changed to F9, and therefore the USSF-15 (GPS IIIF-03) mission, that was planned for Falcon Heavy in 2027 will be carried out by Vulcan.","Part of Phase 3 Lane 2 US Space Force contract awarded in 2025. The launch of GPS III-9 was originally scheduled for Vulcan, but was changed to F9, and therefore the USSF-15 (GPS IIIF-03) mission, that was planned for Falcon Heavy in 2027 will be carried out by Vulcan.",Other,"Part of Phase 3 Lane 2 US Space Force contract awarded in 2025. The launch of GPS III-9 was originally scheduled for Vulcan, but was changed to F9, and therefore the USSF-15 (GPS IIIF-03) mission, that was planned for Falcon Heavy in 2027 will be carried out by Vulcan.","Part of Phase 3 Lane 2 US Space Force contract awarded in 2025. The launch of GPS III-9 was originally scheduled for Vulcan, but was changed to F9, and therefore the USSF-15 (GPS IIIF-03) mission, that was planned for Falcon Heavy in 2027 will be carried out by Vulcan.",ISS,"Part of Phase 3 Lane 2 US Space Force contract awarded in 2025. The launch of GPS III-9 was originally scheduled for Vulcan, but was changed to F9, and therefore the USSF-15 (GPS IIIF-03) mission, that was planned for Falcon Heavy in 2027 will be carried out by Vulcan.","Part of Phase 3 Lane 2 US Space Force contract awarded in 2025. The launch of GPS III-9 was originally scheduled for Vulcan, but was changed to F9, and therefore the USSF-15 (GPS IIIF-03) mission, that was planned for Falcon Heavy in 2027 will be carried out by Vulcan.","Part of Phase 3 Lane 2 US Space Force contract awarded in 2025. The launch of GPS III-9 was originally scheduled for Vulcan, but was changed to F9, and therefore the USSF-15 (GPS IIIF-03) mission, that was planned for Falcon Heavy in 2027 will be carried out by Vulcan.",,3.0,0
594,"January 29, 2026 17:53[266]",F9 B5 B1082‑19,VSFB,Starlink: Group 17-19,"~14,375 kg (31,691 lb)",SSO,SpaceX,Success,Success (OCISLY),,14375.0,1
594,Launch of 25 Starlink v2 mini satellites to a 281 km (175 mi) orbit at an inclination of 97° to expand internet constellation.,Launch of 25 Starlink v2 mini satellites to a 281 km (175 mi) orbit at an inclination of 97° to expand internet constellation.,Other,Launch of 25 Starlink v2 mini satellites to a 281 km (175 mi) orbit at an inclination of 97° to expand internet constellation.,Launch of 25 Starlink v2 mini satellites to a 281 km (175 mi) orbit at an inclination of 97° to expand internet constellation.,Other,Launch of 25 Starlink v2 mini satellites to a 281 km (175 mi) orbit at an inclination of 97° to expand internet constellation.,Launch of 25 Starlink v2 mini satellites to a 281 km (175 mi) orbit at an inclination of 97° to expand internet constellation.,Launch of 25 Starlink v2 mini satellites to a 281 km (175 mi) orbit at an inclination of 97° to expand internet constellation.,,25.0,0
595,"January 30, 2026 07:22[267]",F9 B5 B1095‑5,CCSFS,Starlink: Group 6-101,"~16,675 kg (36,762 lb)",LEO,SpaceX,Success,Success (JRTI),,16675.0,1
595,Launch of 29 Starlink v2 mini optimized satellites to a 559 km (347 mi) orbit at an inclination of 43° to expand internet constellation.,Launch of 29 Starlink v2 mini optimized satellites to a 559 km (347 mi) orbit at an inclination of 43° to expand internet constellation.,Other,Launch of 29 Starlink v2 mini optimized satellites to a 559 km (347 mi) orbit at an inclination of 43° to expand internet constellation.,Launch of 29 Starlink v2 mini optimized satellites to a 559 km (347 mi) orbit at an inclination of 43° to expand internet constellation.,Other,Launch of 29 Starlink v2 mini optimized satellites to a 559 km (347 mi) orbit at an inclination of 43° to expand internet constellation.,Launch of 29 Starlink v2 mini optimized satellites to a 559 km (347 mi) orbit at an inclination of 43° to expand internet constellation.,Launch of 29 Starlink v2 mini optimized satellites to a 559 km (347 mi) orbit at an inclination of 43° to expand internet constellation.,,29.0,0
596,"February 2, 2026 15:47[268]",F9 B5 B1071‑31,VSFB,Starlink: Group 17-32,"~14,375 kg (31,691 lb)",SSO,SpaceX,Success,Success (OCISLY),,14375.0,1
596,"Launch of 25 Starlink v2 mini satellites to a 281 km (175 mi) orbit at an inclination of 97° to expand internet constellation. After payload delivery, the second stage did not conduct de-orbit burn but passivated as designed. Anomaly was attributed to a gas bubble in a transfer tube, arising from SpaceX testing ""refined"" pre-burn engine chill profiles for deorbit burns.[269]","Launch of 25 Starlink v2 mini satellites to a 281 km (175 mi) orbit at an inclination of 97° to expand internet constellation. After payload delivery, the second stage did not conduct de-orbit burn but passivated as designed. Anomaly was attributed to a gas bubble in a transfer tube, arising from SpaceX testing ""refined"" pre-burn engine chill profiles for deorbit burns.[269]",Other,"Launch of 25 Starlink v2 mini satellites to a 281 km (175 mi) orbit at an inclination of 97° to expand internet constellation. After payload delivery, the second stage did not conduct de-orbit burn but passivated as designed. Anomaly was attributed to a gas bubble in a transfer tube, arising from SpaceX testing ""refined"" pre-burn engine chill profiles for deorbit burns.[269]","Launch of 25 Starlink v2 mini satellites to a 281 km (175 mi) orbit at an inclination of 97° to expand internet constellation. After payload delivery, the second stage did not conduct de-orbit burn but passivated as designed. Anomaly was attributed to a gas bubble in a transfer tube, arising from SpaceX testing ""refined"" pre-burn engine chill profiles for deorbit burns.[269]",Other,"Launch of 25 Starlink v2 mini satellites to a 281 km (175 mi) orbit at an inclination of 97° to expand internet constellation. After payload delivery, the second stage did not conduct de-orbit burn but passivated as designed. Anomaly was attributed to a gas bubble in a transfer tube, arising from SpaceX testing ""refined"" pre-burn engine chill profiles for deorbit burns.[269]","Launch of 25 Starlink v2 mini satellites to a 281 km (175 mi) orbit at an inclination of 97° to expand internet constellation. After payload delivery, the second stage did not conduct de-orbit burn but passivated as designed. Anomaly was attributed to a gas bubble in a transfer tube, arising from SpaceX testing ""refined"" pre-burn engine chill profiles for deorbit burns.[269]","Launch of 25 Starlink v2 mini satellites to a 281 km (175 mi) orbit at an inclination of 97° to expand internet constellation. After payload delivery, the second stage did not conduct de-orbit burn but passivated as designed. Anomaly was attributed to a gas bubble in a transfer tube, arising from SpaceX testing ""refined"" pre-burn engine chill profiles for deorbit burns.[269]",,25.0,0
597,"February 7, 2026 20:58[270]",F9 B5 B1088‑13,VSFB,Starlink: Group 17-33,"~14,375 kg (31,691 lb)",SSO,SpaceX,Success,Success (OCISLY),,14375.0,1
597,Launch of 25 Starlink v2 mini satellites to a 281 km (175 mi) orbit at an inclination of 97° to expand internet constellation.,Launch of 25 Starlink v2 mini satellites to a 281 km (175 mi) orbit at an inclination of 97° to expand internet constellation.,Other,Launch of 25 Starlink v2 mini satellites to a 281 km (175 mi) orbit at an inclination of 97° to expand internet constellation.,Launch of 25 Starlink v2 mini satellites to a 281 km (175 mi) orbit at an inclination of 97° to expand internet constellation.,Other,Launch of 25 Starlink v2 mini satellites to a 281 km (175 mi) orbit at an inclination of 97° to expand internet constellation.,Launch of 25 Starlink v2 mini satellites to a 281 km (175 mi) orbit at an inclination of 97° to expand internet constellation.,Launch of 25 Starlink v2 mini satellites to a 281 km (175 mi) orbit at an inclination of 97° to expand internet constellation.,,25.0,0
598,"February 11, 2026 17:11[271]",F9 B5 B1100‑3,VSFB,Starlink: Group 17-34,"~13,800 kg (30,400 lb)",SSO,SpaceX,Success,Success (OCISLY),,13800.0,1
598,Launch of 24 Starlink v2 mini satellites to a 281 km (175 mi) orbit at an inclination of 97° to expand internet constellation.,Launch of 24 Starlink v2 mini satellites to a 281 km (175 mi) orbit at an inclination of 97° to expand internet constellation.,Other,Launch of 24 Starlink v2 mini satellites to a 281 km (175 mi) orbit at an inclination of 97° to expand internet constellation.,Launch of 24 Starlink v2 mini satellites to a 281 km (175 mi) orbit at an inclination of 97° to expand internet constellation.,Other,Launch of 24 Starlink v2 mini satellites to a 281 km (175 mi) orbit at an inclination of 97° to expand internet constellation.,Launch of 24 Starlink v2 mini satellites to a 281 km (175 mi) orbit at an inclination of 97° to expand internet constellation.,Launch of 24 Starlink v2 mini satellites to a 281 km (175 mi) orbit at an inclination of 97° to expand internet constellation.,,24.0,0
599,"February 13, 2026 10:15[272]",F9 B5 B1101‑2,CCSFS,Crew-12 (Crew Dragon C212-5 Freedom),"~13,000 kg (29,000 lb)",LEO,NASA (CTS),Success,Success (LZ‑40),,13000.0,1
599,"In June 2022, NASA announced it purchased an additional 5 crewed flights (Crew-10 through Crew-14) from SpaceX in addition to the previous 9 missions on top of the $3.5 billion contract.[273] Landing Zone 40 (LZ-40) of the SLC-40 used for the first time. This landing zone was created last year to support Falcon 9 landings closer to the pad, similar to the SLC-4E which has its LZ-4 landing zone only 420 meters from the platform. This will facilitate the recovery process since LZ-1 and LZ-2, used by SpaceX since 2015, have been deactivated and will be replaced by launch pads from Vaya Space and Phantom Space.","In June 2022, NASA announced it purchased an additional 5 crewed flights (Crew-10 through Crew-14) from SpaceX in addition to the previous 9 missions on top of the $3.5 billion contract.[273] Landing Zone 40 (LZ-40) of the SLC-40 used for the first time. This landing zone was created last year to support Falcon 9 landings closer to the pad, similar to the SLC-4E which has its LZ-4 landing zone only 420 meters from the platform. This will facilitate the recovery process since LZ-1 and LZ-2, used by SpaceX since 2015, have been deactivated and will be replaced by launch pads from Vaya Space and Phantom Space.",CCSFS,"In June 2022, NASA announced it purchased an additional 5 crewed flights (Crew-10 through Crew-14) from SpaceX in addition to the previous 9 missions on top of the $3.5 billion contract.[273] Landing Zone 40 (LZ-40) of the SLC-40 used for the first time. This landing zone was created last year to support Falcon 9 landings closer to the pad, similar to the SLC-4E which has its LZ-4 landing zone only 420 meters from the platform. This will facilitate the recovery process since LZ-1 and LZ-2, used by SpaceX since 2015, have been deactivated and will be replaced by launch pads from Vaya Space and Phantom Space.","In June 2022, NASA announced it purchased an additional 5 crewed flights (Crew-10 through Crew-14) from SpaceX in addition to the previous 9 missions on top of the $3.5 billion contract.[273] Landing Zone 40 (LZ-40) of the SLC-40 used for the first time. This landing zone was created last year to support Falcon 9 landings closer to the pad, similar to the SLC-4E which has its LZ-4 landing zone only 420 meters from the platform. This will facilitate the recovery process since LZ-1 and LZ-2, used by SpaceX since 2015, have been deactivated and will be replaced by launch pads from Vaya Space and Phantom Space.",PO,"In June 2022, NASA announced it purchased an additional 5 crewed flights (Crew-10 through Crew-14) from SpaceX in addition to the previous 9 missions on top of the $3.5 billion contract.[273] Landing Zone 40 (LZ-40) of the SLC-40 used for the first time. This landing zone was created last year to support Falcon 9 landings closer to the pad, similar to the SLC-4E which has its LZ-4 landing zone only 420 meters from the platform. This will facilitate the recovery process since LZ-1 and LZ-2, used by SpaceX since 2015, have been deactivated and will be replaced by launch pads from Vaya Space and Phantom Space.","In June 2022, NASA announced it purchased an additional 5 crewed flights (Crew-10 through Crew-14) from SpaceX in addition to the previous 9 missions on top of the $3.5 billion contract.[273] Landing Zone 40 (LZ-40) of the SLC-40 used for the first time. This landing zone was created last year to support Falcon 9 landings closer to the pad, similar to the SLC-4E which has its LZ-4 landing zone only 420 meters from the platform. This will facilitate the recovery process since LZ-1 and LZ-2, used by SpaceX since 2015, have been deactivated and will be replaced by launch pads from Vaya Space and Phantom Space.","In June 2022, NASA announced it purchased an additional 5 crewed flights (Crew-10 through Crew-14) from SpaceX in addition to the previous 9 missions on top of the $3.5 billion contract.[273] Landing Zone 40 (LZ-40) of the SLC-40 used for the first time. This landing zone was created last year to support Falcon 9 landings closer to the pad, similar to the SLC-4E which has its LZ-4 landing zone only 420 meters from the platform. This will facilitate the recovery process since LZ-1 and LZ-2, used by SpaceX since 2015, have been deactivated and will be replaced by launch pads from Vaya Space and Phantom Space.",,2022.0,0
600,"February 15, 2026 01:59[274]",F9 B5 B1081‑22,VSFB,Starlink: Group 17-13,"~13,800 kg (30,400 lb)",SSO,SpaceX,Success,Success (OCISLY),,13800.0,1
600,Launch of 24 Starlink v2 mini satellites to a 281 km (175 mi) orbit at an inclination of 97° to expand internet constellation.,Launch of 24 Starlink v2 mini satellites to a 281 km (175 mi) orbit at an inclination of 97° to expand internet constellation.,Other,Launch of 24 Starlink v2 mini satellites to a 281 km (175 mi) orbit at an inclination of 97° to expand internet constellation.,Launch of 24 Starlink v2 mini satellites to a 281 km (175 mi) orbit at an inclination of 97° to expand internet constellation.,Other,Launch of 24 Starlink v2 mini satellites to a 281 km (175 mi) orbit at an inclination of 97° to expand internet constellation.,Launch of 24 Starlink v2 mini satellites to a 281 km (175 mi) orbit at an inclination of 97° to expand internet constellation.,Launch of 24 Starlink v2 mini satellites to a 281 km (175 mi) orbit at an inclination of 97° to expand internet constellation.,,24.0,0
601,"February 16, 2026 07:59[275]",F9 B5 B1090‑10,CCSFS,Starlink: Group 6-103,"~16,675 kg (36,762 lb)",LEO,SpaceX,Success,Success (ASOG),,16675.0,1
601,9Launch of 29 Starlink v2 mini optimized satellites to a 559 km (347 mi) orbit at an inclination of 43° to expand internet constellation.,9Launch of 29 Starlink v2 mini optimized satellites to a 559 km (347 mi) orbit at an inclination of 43° to expand internet constellation.,Other,9Launch of 29 Starlink v2 mini optimized satellites to a 559 km (347 mi) orbit at an inclination of 43° to expand internet constellation.,9Launch of 29 Starlink v2 mini optimized satellites to a 559 km (347 mi) orbit at an inclination of 43° to expand internet constellation.,Other,9Launch of 29 Starlink v2 mini optimized satellites to a 559 km (347 mi) orbit at an inclination of 43° to expand internet constellation.,9Launch of 29 Starlink v2 mini optimized satellites to a 559 km (347 mi) orbit at an inclination of 43° to expand internet constellation.,9Launch of 29 Starlink v2 mini optimized satellites to a 559 km (347 mi) orbit at an inclination of 43° to expand internet constellation.,,9.0,0
602,"February 20, 2026 01:41[276]",F9 B5 B1077‑26,CCSFS,Starlink: Group 10-36,"~16,675 kg (36,762 lb)",LEO,SpaceX,Success,Success (JRTI),,16675.0,1
602,"Launch of 29 Starlink v2 mini optimized satellites to a 279 km (173 mi) orbit at an inclination of 53° to expand internet constellation. Booster has landed within The Bahamas, first operational launch to do so after the trajectory was tested during launch of Starlink Group 10-12 in February 2025.","Launch of 29 Starlink v2 mini optimized satellites to a 279 km (173 mi) orbit at an inclination of 53° to expand internet constellation. Booster has landed within The Bahamas, first operational launch to do so after the trajectory was tested during launch of Starlink Group 10-12 in February 2025.",Other,"Launch of 29 Starlink v2 mini optimized satellites to a 279 km (173 mi) orbit at an inclination of 53° to expand internet constellation. Booster has landed within The Bahamas, first operational launch to do so after the trajectory was tested during launch of Starlink Group 10-12 in February 2025.","Launch of 29 Starlink v2 mini optimized satellites to a 279 km (173 mi) orbit at an inclination of 53° to expand internet constellation. Booster has landed within The Bahamas, first operational launch to do so after the trajectory was tested during launch of Starlink Group 10-12 in February 2025.",Other,"Launch of 29 Starlink v2 mini optimized satellites to a 279 km (173 mi) orbit at an inclination of 53° to expand internet constellation. Booster has landed within The Bahamas, first operational launch to do so after the trajectory was tested during launch of Starlink Group 10-12 in February 2025.","Launch of 29 Starlink v2 mini optimized satellites to a 279 km (173 mi) orbit at an inclination of 53° to expand internet constellation. Booster has landed within The Bahamas, first operational launch to do so after the trajectory was tested during launch of Starlink Group 10-12 in February 2025.","Launch of 29 Starlink v2 mini optimized satellites to a 279 km (173 mi) orbit at an inclination of 53° to expand internet constellation. Booster has landed within The Bahamas, first operational launch to do so after the trajectory was tested during launch of Starlink Group 10-12 in February 2025.",,29.0,0
603,"February 21, 2026 09:04[277]",F9 B5 B1063‑31,VSFB,Starlink: Group 17-25,"~14,375 kg (31,691 lb)",SSO,SpaceX,Success,Success (OCISLY),,14375.0,1
603,Launch of 25 Starlink v2 mini satellites to a 281 km (175 mi) orbit at an inclination of 97° to expand internet constellation.,Launch of 25 Starlink v2 mini satellites to a 281 km (175 mi) orbit at an inclination of 97° to expand internet constellation.,Other,Launch of 25 Starlink v2 mini satellites to a 281 km (175 mi) orbit at an inclination of 97° to expand internet constellation.,Launch of 25 Starlink v2 mini satellites to a 281 km (175 mi) orbit at an inclination of 97° to expand internet constellation.,Other,Launch of 25 Starlink v2 mini satellites to a 281 km (175 mi) orbit at an inclination of 97° to expand internet constellation.,Launch of 25 Starlink v2 mini satellites to a 281 km (175 mi) orbit at an inclination of 97° to expand internet constellation.,Launch of 25 Starlink v2 mini satellites to a 281 km (175 mi) orbit at an inclination of 97° to expand internet constellation.,,25.0,0
604,"February 22, 2026 03:47[278]",F9 B5 B1067‑33,CCSFS,Starlink: Group 6-104,"~16,100 kg (35,500 lb)",LEO,SpaceX,Success,Success (ASOG),,16100.0,1
604,"Launch of 28 Starlink v2 mini optimized satellites to a 559 km (347 mi) orbit at an inclination of 43° to expand internet constellation. First booster to fly 33 missions, new record.","Launch of 28 Starlink v2 mini optimized satellites to a 559 km (347 mi) orbit at an inclination of 43° to expand internet constellation. First booster to fly 33 missions, new record.",Other,"Launch of 28 Starlink v2 mini optimized satellites to a 559 km (347 mi) orbit at an inclination of 43° to expand internet constellation. First booster to fly 33 missions, new record.","Launch of 28 Starlink v2 mini optimized satellites to a 559 km (347 mi) orbit at an inclination of 43° to expand internet constellation. First booster to fly 33 missions, new record.",ISS,"Launch of 28 Starlink v2 mini optimized satellites to a 559 km (347 mi) orbit at an inclination of 43° to expand internet constellation. First booster to fly 33 missions, new record.","Launch of 28 Starlink v2 mini optimized satellites to a 559 km (347 mi) orbit at an inclination of 43° to expand internet constellation. First booster to fly 33 missions, new record.","Launch of 28 Starlink v2 mini optimized satellites to a 559 km (347 mi) orbit at an inclination of 43° to expand internet constellation. First booster to fly 33 missions, new record.",,28.0,0
605,"February 24, 2026 23:04[279]",F9 B5 B1092‑10,CCSFS,Starlink: Group 6-110,"~16,675 kg (36,762 lb)",LEO,SpaceX,Success,Success (JRTI),,16675.0,1
605,Launch of 29 Starlink v2 mini optimized satellites to a 559 km (347 mi) orbit at an inclination of 43° to expand internet constellation.,Launch of 29 Starlink v2 mini optimized satellites to a 559 km (347 mi) orbit at an inclination of 43° to expand internet constellation.,Other,Launch of 29 Starlink v2 mini optimized satellites to a 559 km (347 mi) orbit at an inclination of 43° to expand internet constellation.,Launch of 29 Starlink v2 mini optimized satellites to a 559 km (347 mi) orbit at an inclination of 43° to expand internet constellation.,Other,Launch of 29 Starlink v2 mini optimized satellites to a 559 km (347 mi) orbit at an inclination of 43° to expand internet constellation.,Launch of 29 Starlink v2 mini optimized satellites to a 559 km (347 mi) orbit at an inclination of 43° to expand internet constellation.,Launch of 29 Starlink v2 mini optimized satellites to a 559 km (347 mi) orbit at an inclination of 43° to expand internet constellation.,,29.0,0
606,"February 25, 2026 14:17[280]",F9 B5 B1093‑11,VSFB,Starlink: Group 17-26,"~14,375 kg (31,691 lb)",SSO,SpaceX,Success,Success (OCISLY),,14375.0,1
606,Launch of 25 Starlink v2 mini satellites to a 281 km (175 mi) orbit at an inclination of 97° to expand internet constellation.,Launch of 25 Starlink v2 mini satellites to a 281 km (175 mi) orbit at an inclination of 97° to expand internet constellation.,Other,Launch of 25 Starlink v2 mini satellites to a 281 km (175 mi) orbit at an inclination of 97° to expand internet constellation.,Launch of 25 Starlink v2 mini satellites to a 281 km (175 mi) orbit at an inclination of 97° to expand internet constellation.,Other,Launch of 25 Starlink v2 mini satellites to a 281 km (175 mi) orbit at an inclination of 97° to expand internet constellation.,Launch of 25 Starlink v2 mini satellites to a 281 km (175 mi) orbit at an inclination of 97° to expand internet constellation.,Launch of 25 Starlink v2 mini satellites to a 281 km (175 mi) orbit at an inclination of 97° to expand internet constellation.,,25.0,0
607,"February 27, 2026 12:16[281]",F9 B5 B1069‑30,CCSFS,Starlink: Group 6-108,"~16,675 kg (36,762 lb)",LEO,SpaceX,Success,Success (ASOG),,16675.0,1
607,Launch of 29 Starlink v2 mini optimized satellites to a 559 km (347 mi) orbit at an inclination of 43° to expand internet constellation.,Launch of 29 Starlink v2 mini optimized satellites to a 559 km (347 mi) orbit at an inclination of 43° to expand internet constellation.,Other,Launch of 29 Starlink v2 mini optimized satellites to a 559 km (347 mi) orbit at an inclination of 43° to expand internet constellation.,Launch of 29 Starlink v2 mini optimized satellites to a 559 km (347 mi) orbit at an inclination of 43° to expand internet constellation.,Other,Launch of 29 Starlink v2 mini optimized satellites to a 559 km (347 mi) orbit at an inclination of 43° to expand internet constellation.,Launch of 29 Starlink v2 mini optimized satellites to a 559 km (347 mi) orbit at an inclination of 43° to expand internet constellation.,Launch of 29 Starlink v2 mini optimized satellites to a 559 km (347 mi) orbit at an inclination of 43° to expand internet constellation.,,29.0,0
608,"March 1, 2026 10:10[282]",F9 B5 B1082‑20,VSFB,Starlink: Group 17-23,"~14,375 kg (31,691 lb)",SSO,SpaceX,Success,Success (OCISLY),,14375.0,1
608,Launch of 25 Starlink v2 mini satellites to a 281 km (175 mi) orbit at an inclination of 97° to expand internet constellation.,Launch of 25 Starlink v2 mini satellites to a 281 km (175 mi) orbit at an inclination of 97° to expand internet constellation.,Other,Launch of 25 Starlink v2 mini satellites to a 281 km (175 mi) orbit at an inclination of 97° to expand internet constellation.,Launch of 25 Starlink v2 mini satellites to a 281 km (175 mi) orbit at an inclination of 97° to expand internet constellation.,Other,Launch of 25 Starlink v2 mini satellites to a 281 km (175 mi) orbit at an inclination of 97° to expand internet constellation.,Launch of 25 Starlink v2 mini satellites to a 281 km (175 mi) orbit at an inclination of 97° to expand internet constellation.,Launch of 25 Starlink v2 mini satellites to a 281 km (175 mi) orbit at an inclination of 97° to expand internet constellation.,,25.0,0
609,"March 2, 2026 02:56[283]",F9 B5 B1078‑26,CCSFS,Starlink: Group 10-41,"~16,675 kg (36,762 lb)",LEO,SpaceX,Success,Success (JRTI),,16675.0,1
609,Launch of 29 Starlink v2 mini optimized satellites to a 559 km (347 mi) orbit at an inclination of 43° to expand internet constellation.,Launch of 29 Starlink v2 mini optimized satellites to a 559 km (347 mi) orbit at an inclination of 43° to expand internet constellation.,Other,Launch of 29 Starlink v2 mini optimized satellites to a 559 km (347 mi) orbit at an inclination of 43° to expand internet constellation.,Launch of 29 Starlink v2 mini optimized satellites to a 559 km (347 mi) orbit at an inclination of 43° to expand internet constellation.,Other,Launch of 29 Starlink v2 mini optimized satellites to a 559 km (347 mi) orbit at an inclination of 43° to expand internet constellation.,Launch of 29 Starlink v2 mini optimized satellites to a 559 km (347 mi) orbit at an inclination of 43° to expand internet constellation.,Launch of 29 Starlink v2 mini optimized satellites to a 559 km (347 mi) orbit at an inclination of 43° to expand internet constellation.,,29.0,0
610,"March 4, 2026 10:52[284]",F9 B5 B1080‑25,CCSFS,Starlink: Group 10-40,"~16,675 kg (36,762 lb)",LEO,SpaceX,Success,Success (ASOG),,16675.0,1
610,Launch of 29 Starlink v2 mini optimized satellites to a 559 km (347 mi) orbit at an inclination of 43° to expand internet constellation.,Launch of 29 Starlink v2 mini optimized satellites to a 559 km (347 mi) orbit at an inclination of 43° to expand internet constellation.,Other,Launch of 29 Starlink v2 mini optimized satellites to a 559 km (347 mi) orbit at an inclination of 43° to expand internet constellation.,Launch of 29 Starlink v2 mini optimized satellites to a 559 km (347 mi) orbit at an inclination of 43° to expand internet constellation.,Other,Launch of 29 Starlink v2 mini optimized satellites to a 559 km (347 mi) orbit at an inclination of 43° to expand internet constellation.,Launch of 29 Starlink v2 mini optimized satellites to a 559 km (347 mi) orbit at an inclination of 43° to expand internet constellation.,Launch of 29 Starlink v2 mini optimized satellites to a 559 km (347 mi) orbit at an inclination of 43° to expand internet constellation.,,29.0,0
611,"March 8, 2026 11:00[285]",F9 B5 B1097‑7,VSFB,Starlink: Group 17-18,"~14,375 kg (31,691 lb)",SSO,SpaceX,Success,Success (OCISLY),,14375.0,1
611,Launch of 25 Starlink v2 mini satellites to a 281 km (175 mi) orbit at an inclination of 97° to expand internet constellation.,Launch of 25 Starlink v2 mini satellites to a 281 km (175 mi) orbit at an inclination of 97° to expand internet constellation.,Other,Launch of 25 Starlink v2 mini satellites to a 281 km (175 mi) orbit at an inclination of 97° to expand internet constellation.,Launch of 25 Starlink v2 mini satellites to a 281 km (175 mi) orbit at an inclination of 97° to expand internet constellation.,Other,Launch of 25 Starlink v2 mini satellites to a 281 km (175 mi) orbit at an inclination of 97° to expand internet constellation.,Launch of 25 Starlink v2 mini satellites to a 281 km (175 mi) orbit at an inclination of 97° to expand internet constellation.,Launch of 25 Starlink v2 mini satellites to a 281 km (175 mi) orbit at an inclination of 97° to expand internet constellation.,,25.0,0
612,"March 10, 2026 04:19[286]",F9 B5 B1085‑14,CCSFS,EchoStar XXV,"6,800 kg (15,000 lb)",GTO,EchoStar,Success,Success (ASOG),,6800.0,1
612,"EchoStar XXV is a direct broadcast satellite that will deliver content across North America. EchoStar XXV will be built on the proven Maxar 1300 series platform at the company’s manufacturing facilities in Palo Alto and San Jose, California.","EchoStar XXV is a direct broadcast satellite that will deliver content across North America. EchoStar XXV will be built on the proven Maxar 1300 series platform at the company’s manufacturing facilities in Palo Alto and San Jose, California.",Other,"EchoStar XXV is a direct broadcast satellite that will deliver content across North America. EchoStar XXV will be built on the proven Maxar 1300 series platform at the company’s manufacturing facilities in Palo Alto and San Jose, California.","EchoStar XXV is a direct broadcast satellite that will deliver content across North America. EchoStar XXV will be built on the proven Maxar 1300 series platform at the company’s manufacturing facilities in Palo Alto and San Jose, California.",Other,"EchoStar XXV is a direct broadcast satellite that will deliver content across North America. EchoStar XXV will be built on the proven Maxar 1300 series platform at the company’s manufacturing facilities in Palo Alto and San Jose, California.","EchoStar XXV is a direct broadcast satellite that will deliver content across North America. EchoStar XXV will be built on the proven Maxar 1300 series platform at the company’s manufacturing facilities in Palo Alto and San Jose, California.","EchoStar XXV is a direct broadcast satellite that will deliver content across North America. EchoStar XXV will be built on the proven Maxar 1300 series platform at the company’s manufacturing facilities in Palo Alto and San Jose, California.",,1300.0,0
613,"March 13, 2026 14:57[287]",F9 B5 B1071‑32,VSFB,Starlink: Group 17-31,"~14,375 kg (31,691 lb)",SSO,SpaceX,Success,Success (OCISLY),,14375.0,1
613,Launch of 25 Starlink v2 mini satellites to a 281 km (175 mi) orbit at an inclination of 97° to expand internet constellation.,Launch of 25 Starlink v2 mini satellites to a 281 km (175 mi) orbit at an inclination of 97° to expand internet constellation.,Other,Launch of 25 Starlink v2 mini satellites to a 281 km (175 mi) orbit at an inclination of 97° to expand internet constellation.,Launch of 25 Starlink v2 mini satellites to a 281 km (175 mi) orbit at an inclination of 97° to expand internet constellation.,Other,Launch of 25 Starlink v2 mini satellites to a 281 km (175 mi) orbit at an inclination of 97° to expand internet constellation.,Launch of 25 Starlink v2 mini satellites to a 281 km (175 mi) orbit at an inclination of 97° to expand internet constellation.,Launch of 25 Starlink v2 mini satellites to a 281 km (175 mi) orbit at an inclination of 97° to expand internet constellation.,,25.0,0
614,"March 14, 2026 12:37[288]",F9 B5 B1095‑6,CCSFS,Starlink: Group 10-48,"~16,675 kg (36,762 lb)",LEO,SpaceX,Success,Success (JRTI),,16675.0,1
614,Launch of 29 Starlink v2 mini optimized satellites to a 279 km (173 mi) orbit at an inclination of 53° to expand internet constellation.,Launch of 29 Starlink v2 mini optimized satellites to a 279 km (173 mi) orbit at an inclination of 53° to expand internet constellation.,Other,Launch of 29 Starlink v2 mini optimized satellites to a 279 km (173 mi) orbit at an inclination of 53° to expand internet constellation.,Launch of 29 Starlink v2 mini optimized satellites to a 279 km (173 mi) orbit at an inclination of 53° to expand internet constellation.,Other,Launch of 29 Starlink v2 mini optimized satellites to a 279 km (173 mi) orbit at an inclination of 53° to expand internet constellation.,Launch of 29 Starlink v2 mini optimized satellites to a 279 km (173 mi) orbit at an inclination of 53° to expand internet constellation.,Launch of 29 Starlink v2 mini optimized satellites to a 279 km (173 mi) orbit at an inclination of 53° to expand internet constellation.,,29.0,0
615,"March 17, 2026 05:19[289]",F9 B5 B1088‑14,VSFB,Starlink: Group 17-24,"~14,375 kg (31,691 lb)",SSO,SpaceX,Success,Success (OCISLY),,14375.0,1
615,Launch of 25 Starlink v2 mini satellites to a 281 km (175 mi) orbit at an inclination of 97° to expand internet constellation.,Launch of 25 Starlink v2 mini satellites to a 281 km (175 mi) orbit at an inclination of 97° to expand internet constellation.,Other,Launch of 25 Starlink v2 mini satellites to a 281 km (175 mi) orbit at an inclination of 97° to expand internet constellation.,Launch of 25 Starlink v2 mini satellites to a 281 km (175 mi) orbit at an inclination of 97° to expand internet constellation.,Other,Launch of 25 Starlink v2 mini satellites to a 281 km (175 mi) orbit at an inclination of 97° to expand internet constellation.,Launch of 25 Starlink v2 mini satellites to a 281 km (175 mi) orbit at an inclination of 97° to expand internet constellation.,Launch of 25 Starlink v2 mini satellites to a 281 km (175 mi) orbit at an inclination of 97° to expand internet constellation.,,25.0,0
616,"March 17, 2026 13:27[290]",F9 B5 B1090‑11,CCSFS,Starlink: Group 10-46,"~16,675 kg (36,762 lb)",LEO,SpaceX,Success,Success (ASOG),,16675.0,1
616,Launch of 29 Starlink v2 mini optimized satellites to a 279 km (173 mi) orbit at an inclination of 53° to expand internet constellation.,Launch of 29 Starlink v2 mini optimized satellites to a 279 km (173 mi) orbit at an inclination of 53° to expand internet constellation.,Other,Launch of 29 Starlink v2 mini optimized satellites to a 279 km (173 mi) orbit at an inclination of 53° to expand internet constellation.,Launch of 29 Starlink v2 mini optimized satellites to a 279 km (173 mi) orbit at an inclination of 53° to expand internet constellation.,Other,Launch of 29 Starlink v2 mini optimized satellites to a 279 km (173 mi) orbit at an inclination of 53° to expand internet constellation.,Launch of 29 Starlink v2 mini optimized satellites to a 279 km (173 mi) orbit at an inclination of 53° to expand internet constellation.,Launch of 29 Starlink v2 mini optimized satellites to a 279 km (173 mi) orbit at an inclination of 53° to expand internet constellation.,,29.0,0
617,"March 19, 2026 14:20[291]",F9 B5 B1077‑27,CCSFS,Starlink: Group 10-33,"~16,675 kg (36,762 lb)",LEO,SpaceX,Success,Success (JRTI),,16675.0,1
617,Launch of 29 Starlink v2 mini optimized satellites to a 279 km (173 mi) orbit at an inclination of 53° to expand internet constellation.,Launch of 29 Starlink v2 mini optimized satellites to a 279 km (173 mi) orbit at an inclination of 53° to expand internet constellation.,Other,Launch of 29 Starlink v2 mini optimized satellites to a 279 km (173 mi) orbit at an inclination of 53° to expand internet constellation.,Launch of 29 Starlink v2 mini optimized satellites to a 279 km (173 mi) orbit at an inclination of 53° to expand internet constellation.,Other,Launch of 29 Starlink v2 mini optimized satellites to a 279 km (173 mi) orbit at an inclination of 53° to expand internet constellation.,Launch of 29 Starlink v2 mini optimized satellites to a 279 km (173 mi) orbit at an inclination of 53° to expand internet constellation.,Launch of 29 Starlink v2 mini optimized satellites to a 279 km (173 mi) orbit at an inclination of 53° to expand internet constellation.,,29.0,0
618,"March 20, 2026 21:51[292]",F9 B5 B1100‑4,VSFB,Starlink: Group 17-15,"~14,375 kg (31,691 lb)",SSO,SpaceX,Success,Success (OCISLY),,14375.0,1
618,Launch of 25 Starlink v2 mini satellites to a 281 km (175 mi) orbit at an inclination of 97° to expand internet constellation.,Launch of 25 Starlink v2 mini satellites to a 281 km (175 mi) orbit at an inclination of 97° to expand internet constellation.,Other,Launch of 25 Starlink v2 mini satellites to a 281 km (175 mi) orbit at an inclination of 97° to expand internet constellation.,Launch of 25 Starlink v2 mini satellites to a 281 km (175 mi) orbit at an inclination of 97° to expand internet constellation.,Other,Launch of 25 Starlink v2 mini satellites to a 281 km (175 mi) orbit at an inclination of 97° to expand internet constellation.,Launch of 25 Starlink v2 mini satellites to a 281 km (175 mi) orbit at an inclination of 97° to expand internet constellation.,Launch of 25 Starlink v2 mini satellites to a 281 km (175 mi) orbit at an inclination of 97° to expand internet constellation.,,25.0,0
619,"March 22, 2026 14:47[293]",F9 B5 B1078‑27,CCSFS,Starlink: Group 10-62,"~16,675 kg (36,762 lb)",LEO,SpaceX,Success,Success (ASOG),,16675.0,1
619,Launch of 29 Starlink v2 mini optimized satellites to a 279 km (173 mi) orbit at an inclination of 53° to expand internet constellation.,Launch of 29 Starlink v2 mini optimized satellites to a 279 km (173 mi) orbit at an inclination of 53° to expand internet constellation.,Other,Launch of 29 Starlink v2 mini optimized satellites to a 279 km (173 mi) orbit at an inclination of 53° to expand internet constellation.,Launch of 29 Starlink v2 mini optimized satellites to a 279 km (173 mi) orbit at an inclination of 53° to expand internet constellation.,Other,Launch of 29 Starlink v2 mini optimized satellites to a 279 km (173 mi) orbit at an inclination of 53° to expand internet constellation.,Launch of 29 Starlink v2 mini optimized satellites to a 279 km (173 mi) orbit at an inclination of 53° to expand internet constellation.,Launch of 29 Starlink v2 mini optimized satellites to a 279 km (173 mi) orbit at an inclination of 53° to expand internet constellation.,,29.0,0
620,"March 26, 2026 23:03[294]",F9 B5 B1081‑23,VSFB,Starlink: Group 17-17,"~14,375 kg (31,691 lb)",SSO,SpaceX,Success,Success (OCISLY),,14375.0,1
620,Launch of 25 Starlink v2 mini satellites to a 281 km (175 mi) orbit at an inclination of 97° to expand internet constellation.,Launch of 25 Starlink v2 mini satellites to a 281 km (175 mi) orbit at an inclination of 97° to expand internet constellation.,Other,Launch of 25 Starlink v2 mini satellites to a 281 km (175 mi) orbit at an inclination of 97° to expand internet constellation.,Launch of 25 Starlink v2 mini satellites to a 281 km (175 mi) orbit at an inclination of 97° to expand internet constellation.,Other,Launch of 25 Starlink v2 mini satellites to a 281 km (175 mi) orbit at an inclination of 97° to expand internet constellation.,Launch of 25 Starlink v2 mini satellites to a 281 km (175 mi) orbit at an inclination of 97° to expand internet constellation.,Launch of 25 Starlink v2 mini satellites to a 281 km (175 mi) orbit at an inclination of 97° to expand internet constellation.,,25.0,0
621,"March 30, 2026 11:02[295]",F9 B5 B1093‑12,VSFB,Transporter-16 (119 payloads smallsat rideshare)[82],Unknown[k],SSO,Various,Success,Success (OCISLY),,6920.564516129032,1
621,Dedicated SmallSat rideshare mission to sun-synchronous orbit.,Dedicated SmallSat rideshare mission to sun-synchronous orbit.,Other,Dedicated SmallSat rideshare mission to sun-synchronous orbit.,Dedicated SmallSat rideshare mission to sun-synchronous orbit.,SSO,Dedicated SmallSat rideshare mission to sun-synchronous orbit.,Dedicated SmallSat rideshare mission to sun-synchronous orbit.,Dedicated SmallSat rideshare mission to sun-synchronous orbit.,,6920.564516129032,0
622,"March 30, 2026 21:15[296]",F9 B5 B1067‑34,CCSFS,Starlink: Group 10-44,"~16,675 kg (36,762 lb)",LEO,SpaceX,Success,Success (JRTI),,16675.0,1
622,"Launch of 29 Starlink v2 mini optimized satellites to a 279 km (173 mi) orbit at an inclination of 53° to expand internet constellation. First booster to fly 34 missions, new record.","Launch of 29 Starlink v2 mini optimized satellites to a 279 km (173 mi) orbit at an inclination of 53° to expand internet constellation. First booster to fly 34 missions, new record.",Other,"Launch of 29 Starlink v2 mini optimized satellites to a 279 km (173 mi) orbit at an inclination of 53° to expand internet constellation. First booster to fly 34 missions, new record.","Launch of 29 Starlink v2 mini optimized satellites to a 279 km (173 mi) orbit at an inclination of 53° to expand internet constellation. First booster to fly 34 missions, new record.",ISS,"Launch of 29 Starlink v2 mini optimized satellites to a 279 km (173 mi) orbit at an inclination of 53° to expand internet constellation. First booster to fly 34 missions, new record.","Launch of 29 Starlink v2 mini optimized satellites to a 279 km (173 mi) orbit at an inclination of 53° to expand internet constellation. First booster to fly 34 missions, new record.","Launch of 29 Starlink v2 mini optimized satellites to a 279 km (173 mi) orbit at an inclination of 53° to expand internet constellation. First booster to fly 34 missions, new record.",,29.0,0
623,"April 2, 2026 11:55",F9 B5 B1085‑15,CCSFS,Starlink: Group 10-58,"~16,675 kg (36,762 lb)",LEO,SpaceX,Success,Success (ASOG),,16675.0,1
623,Launch of 29 Starlink v2 mini optimized satellites to a 279 km (173 mi) orbit at an inclination of 53° to expand internet constellation.,Launch of 29 Starlink v2 mini optimized satellites to a 279 km (173 mi) orbit at an inclination of 53° to expand internet constellation.,Other,Launch of 29 Starlink v2 mini optimized satellites to a 279 km (173 mi) orbit at an inclination of 53° to expand internet constellation.,Launch of 29 Starlink v2 mini optimized satellites to a 279 km (173 mi) orbit at an inclination of 53° to expand internet constellation.,Other,Launch of 29 Starlink v2 mini optimized satellites to a 279 km (173 mi) orbit at an inclination of 53° to expand internet constellation.,Launch of 29 Starlink v2 mini optimized satellites to a 279 km (173 mi) orbit at an inclination of 53° to expand internet constellation.,Launch of 29 Starlink v2 mini optimized satellites to a 279 km (173 mi) orbit at an inclination of 53° to expand internet constellation.,,29.0,0
624,"April 7, 2026 02:50",F9 B5 B1103‑1,VSFB,Starlink: Group 17-35,"~14,375 kg (31,691 lb)",SSO,SpaceX,Success,Success (OCISLY),,14375.0,1
624,Launch of 25 Starlink v2 mini satellites to a 281 km (175 mi) orbit at an inclination of 97° to expand internet constellation.,Launch of 25 Starlink v2 mini satellites to a 281 km (175 mi) orbit at an inclination of 97° to expand internet constellation.,Other,Launch of 25 Starlink v2 mini satellites to a 281 km (175 mi) orbit at an inclination of 97° to expand internet constellation.,Launch of 25 Starlink v2 mini satellites to a 281 km (175 mi) orbit at an inclination of 97° to expand internet constellation.,Other,Launch of 25 Starlink v2 mini satellites to a 281 km (175 mi) orbit at an inclination of 97° to expand internet constellation.,Launch of 25 Starlink v2 mini satellites to a 281 km (175 mi) orbit at an inclination of 97° to expand internet constellation.,Launch of 25 Starlink v2 mini satellites to a 281 km (175 mi) orbit at an inclination of 97° to expand internet constellation.,,25.0,0
625,"April 11, 2026 05:04",F9 B5 B1063‑32,VSFB,Starlink: Group 17-21,"~14,375 kg (31,691 lb)",SSO,SpaceX,Success,Success (OCISLY),,14375.0,1
625,Launch of 25 Starlink v2 mini satellites to a 281 km (175 mi) orbit at an inclination of 97° to expand internet constellation.,Launch of 25 Starlink v2 mini satellites to a 281 km (175 mi) orbit at an inclination of 97° to expand internet constellation.,Other,Launch of 25 Starlink v2 mini satellites to a 281 km (175 mi) orbit at an inclination of 97° to expand internet constellation.,Launch of 25 Starlink v2 mini satellites to a 281 km (175 mi) orbit at an inclination of 97° to expand internet constellation.,Other,Launch of 25 Starlink v2 mini satellites to a 281 km (175 mi) orbit at an inclination of 97° to expand internet constellation.,Launch of 25 Starlink v2 mini satellites to a 281 km (175 mi) orbit at an inclination of 97° to expand internet constellation.,Launch of 25 Starlink v2 mini satellites to a 281 km (175 mi) orbit at an inclination of 97° to expand internet constellation.,,25.0,0
626,"April 11, 2026 11:41[297]",F9 B5 B1094‑7,CCSFS,Cygnus NG-24,"5,000 kg (11,000 lb)",LEO,Northrop Grumman (CRS),Success,Success (LZ‑40),,5000.0,1
626,Cygnus NG-24 cargo resupply to ISS under CRS.,Cygnus NG-24 cargo resupply to ISS under CRS.,Other,Cygnus NG-24 cargo resupply to ISS under CRS.,Cygnus NG-24 cargo resupply to ISS under CRS.,ISS,Cygnus NG-24 cargo resupply to ISS under CRS.,Cygnus NG-24 cargo resupply to ISS under CRS.,Cygnus NG-24 cargo resupply to ISS under CRS.,,24.0,0
627,"April 14, 2026 09:33[298]",F9 B5 B1080‑26,CCSFS,Starlink: Group 10-24,"~16,675 kg (36,762 lb)",LEO,SpaceX,Success,Success (JRTI),,16675.0,1
627,Launch of 29 Starlink v2 mini optimized satellites to a 279 km (173 mi) orbit at an inclination of 53° to expand internet constellation.,Launch of 29 Starlink v2 mini optimized satellites to a 279 km (173 mi) orbit at an inclination of 53° to expand internet constellation.,Other,Launch of 29 Starlink v2 mini optimized satellites to a 279 km (173 mi) orbit at an inclination of 53° to expand internet constellation.,Launch of 29 Starlink v2 mini optimized satellites to a 279 km (173 mi) orbit at an inclination of 53° to expand internet constellation.,Other,Launch of 29 Starlink v2 mini optimized satellites to a 279 km (173 mi) orbit at an inclination of 53° to expand internet constellation.,Launch of 29 Starlink v2 mini optimized satellites to a 279 km (173 mi) orbit at an inclination of 53° to expand internet constellation.,Launch of 29 Starlink v2 mini optimized satellites to a 279 km (173 mi) orbit at an inclination of 53° to expand internet constellation.,,29.0,0
628,"April 15, 2026 04:29[299]",F9 B5 B1082‑21,VSFB,Starlink: Group 17-27,"~14,375 kg (31,691 lb)",SSO,SpaceX,Success,Success (OCISLY),,14375.0,1
628,Launch of 25 Starlink v2 mini satellites to a 281 km (175 mi) orbit at an inclination of 97° to expand internet constellation.,Launch of 25 Starlink v2 mini satellites to a 281 km (175 mi) orbit at an inclination of 97° to expand internet constellation.,Other,Launch of 25 Starlink v2 mini satellites to a 281 km (175 mi) orbit at an inclination of 97° to expand internet constellation.,Launch of 25 Starlink v2 mini satellites to a 281 km (175 mi) orbit at an inclination of 97° to expand internet constellation.,Other,Launch of 25 Starlink v2 mini satellites to a 281 km (175 mi) orbit at an inclination of 97° to expand internet constellation.,Launch of 25 Starlink v2 mini satellites to a 281 km (175 mi) orbit at an inclination of 97° to expand internet constellation.,Launch of 25 Starlink v2 mini satellites to a 281 km (175 mi) orbit at an inclination of 97° to expand internet constellation.,,25.0,0
629,"April 19, 2026 16:03[300]",F9 B5 B1097‑8,VSFB,Starlink: Group 17-22,"~14,375 kg (31,691 lb)",LEO,SpaceX,Success,Success (OCISLY),,14375.0,1
629,Launch of 25 Starlink v2 mini satellites to a 281 km (175 mi) orbit at an inclination of 97° to expand internet constellation. 600th successful Falcon booster landing.,Launch of 25 Starlink v2 mini satellites to a 281 km (175 mi) orbit at an inclination of 97° to expand internet constellation. 600th successful Falcon booster landing.,Other,Launch of 25 Starlink v2 mini satellites to a 281 km (175 mi) orbit at an inclination of 97° to expand internet constellation. 600th successful Falcon booster landing.,Launch of 25 Starlink v2 mini satellites to a 281 km (175 mi) orbit at an inclination of 97° to expand internet constellation. 600th successful Falcon booster landing.,Other,Launch of 25 Starlink v2 mini satellites to a 281 km (175 mi) orbit at an inclination of 97° to expand internet constellation. 600th successful Falcon booster landing.,Launch of 25 Starlink v2 mini satellites to a 281 km (175 mi) orbit at an inclination of 97° to expand internet constellation. 600th successful Falcon booster landing.,Launch of 25 Starlink v2 mini satellites to a 281 km (175 mi) orbit at an inclination of 97° to expand internet constellation. 600th successful Falcon booster landing.,,25.0,1
630,"April 21, 2026 06:53[301]",F9 B5 B1095‑7,CCSFS,GPS III-10,"4,350 kg (9,590 lb)",MEO,USSF,Success,Success (JRTI),,4350.0,1
630,"Originally planned to launch on a Falcon 9, GPS III SV10 was shifted to Vulcan when GPS III SV07, intended to launch on Vulcan, was moved to the Falcon 9 in mid-2024 following Vulcan readiness concerns. Following the USSF-87 anomaly, GPS III SV10 was moved back to Falcon 9 and USSF-70 was moved to Vulcan. This mission was the final planned landing on Just Read The Instructions (JRTI), which will be dedicated to supporting Starship operations in the future.","Originally planned to launch on a Falcon 9, GPS III SV10 was shifted to Vulcan when GPS III SV07, intended to launch on Vulcan, was moved to the Falcon 9 in mid-2024 following Vulcan readiness concerns. Following the USSF-87 anomaly, GPS III SV10 was moved back to Falcon 9 and USSF-70 was moved to Vulcan. This mission was the final planned landing on Just Read The Instructions (JRTI), which will be dedicated to supporting Starship operations in the future.",Other,"Originally planned to launch on a Falcon 9, GPS III SV10 was shifted to Vulcan when GPS III SV07, intended to launch on Vulcan, was moved to the Falcon 9 in mid-2024 following Vulcan readiness concerns. Following the USSF-87 anomaly, GPS III SV10 was moved back to Falcon 9 and USSF-70 was moved to Vulcan. This mission was the final planned landing on Just Read The Instructions (JRTI), which will be dedicated to supporting Starship operations in the future.","Originally planned to launch on a Falcon 9, GPS III SV10 was shifted to Vulcan when GPS III SV07, intended to launch on Vulcan, was moved to the Falcon 9 in mid-2024 following Vulcan readiness concerns. Following the USSF-87 anomaly, GPS III SV10 was moved back to Falcon 9 and USSF-70 was moved to Vulcan. This mission was the final planned landing on Just Read The Instructions (JRTI), which will be dedicated to supporting Starship operations in the future.",PO,"Originally planned to launch on a Falcon 9, GPS III SV10 was shifted to Vulcan when GPS III SV07, intended to launch on Vulcan, was moved to the Falcon 9 in mid-2024 following Vulcan readiness concerns. Following the USSF-87 anomaly, GPS III SV10 was moved back to Falcon 9 and USSF-70 was moved to Vulcan. This mission was the final planned landing on Just Read The Instructions (JRTI), which will be dedicated to supporting Starship operations in the future.","Originally planned to launch on a Falcon 9, GPS III SV10 was shifted to Vulcan when GPS III SV07, intended to launch on Vulcan, was moved to the Falcon 9 in mid-2024 following Vulcan readiness concerns. Following the USSF-87 anomaly, GPS III SV10 was moved back to Falcon 9 and USSF-70 was moved to Vulcan. This mission was the final planned landing on Just Read The Instructions (JRTI), which will be dedicated to supporting Starship operations in the future.","Originally planned to launch on a Falcon 9, GPS III SV10 was shifted to Vulcan when GPS III SV07, intended to launch on Vulcan, was moved to the Falcon 9 in mid-2024 following Vulcan readiness concerns. Following the USSF-87 anomaly, GPS III SV10 was moved back to Falcon 9 and USSF-70 was moved to Vulcan. This mission was the final planned landing on Just Read The Instructions (JRTI), which will be dedicated to supporting Starship operations in the future.",,9.0,0
631,"April 23, 2026 03:23[302]",F9 B5 B1100‑5,VSFB,Starlink: Group 17-14,"~13,800 kg (30,400 lb)",SSO,SpaceX,Success,Success (OCISLY),,13800.0,1
631,Launch of 24 Starlink v2 mini satellites to a 281 km (175 mi) orbit at an inclination of 97° to expand internet constellation.,Launch of 24 Starlink v2 mini satellites to a 281 km (175 mi) orbit at an inclination of 97° to expand internet constellation.,Other,Launch of 24 Starlink v2 mini satellites to a 281 km (175 mi) orbit at an inclination of 97° to expand internet constellation.,Launch of 24 Starlink v2 mini satellites to a 281 km (175 mi) orbit at an inclination of 97° to expand internet constellation.,Other,Launch of 24 Starlink v2 mini satellites to a 281 km (175 mi) orbit at an inclination of 97° to expand internet constellation.,Launch of 24 Starlink v2 mini satellites to a 281 km (175 mi) orbit at an inclination of 97° to expand internet constellation.,Launch of 24 Starlink v2 mini satellites to a 281 km (175 mi) orbit at an inclination of 97° to expand internet constellation.,,24.0,0
632,"April 26, 2026 14:37[303]",F9 B5 B1088‑15,VSFB,Starlink: Group 17-16,"~14,375 kg (31,691 lb)",SSO,SpaceX,Success,Success (OCISLY),,14375.0,1
632,Launch of 25 Starlink v2 mini satellites to a 281 km (175 mi) orbit at an inclination of 97° to expand internet constellation.,Launch of 25 Starlink v2 mini satellites to a 281 km (175 mi) orbit at an inclination of 97° to expand internet constellation.,Other,Launch of 25 Starlink v2 mini satellites to a 281 km (175 mi) orbit at an inclination of 97° to expand internet constellation.,Launch of 25 Starlink v2 mini satellites to a 281 km (175 mi) orbit at an inclination of 97° to expand internet constellation.,Other,Launch of 25 Starlink v2 mini satellites to a 281 km (175 mi) orbit at an inclination of 97° to expand internet constellation.,Launch of 25 Starlink v2 mini satellites to a 281 km (175 mi) orbit at an inclination of 97° to expand internet constellation.,Launch of 25 Starlink v2 mini satellites to a 281 km (175 mi) orbit at an inclination of 97° to expand internet constellation.,,25.0,0
FH 12,"April 29, 2026 14:13[304]",Falcon Heavy B5 B1098 (core),KSC,ViaSat-3 F3,"6,400 kg (14,100 lb)",GTO,ViaSat,Success,No attempt,,6400.0,0
FH 12,"April 29, 2026 14:13[304]",B1072‑2 (side),KSC,ViaSat-3 F3,"6,400 kg (14,100 lb)",GTO,ViaSat,Success,Success (LZ‑40),,6400.0,1
FH 12,"April 29, 2026 14:13[304]",B1075‑22 (side),KSC,ViaSat-3 F3,"6,400 kg (14,100 lb)",GTO,ViaSat,Success,Success (LZ‑2),,6400.0,1
FH 12,"Ka-band satellite for the APAC region. Originally planned to launch on a Ariane 6, payload was shifted to Falcon Heavy following Ariane development delays. B1075 had previously flown 21 Falcon 9 missions from Vandenberg before being converted into a side booster for this launch. It landed at LZ-40, becoming the first Falcon Heavy side booster to touch down at the pad. This mission was the eighth Falcon-family launch to use a second stage equipped with the medium mission-extension kit, required for a long coast phase between second-stage ignitions.","Ka-band satellite for the APAC region. Originally planned to launch on a Ariane 6, payload was shifted to Falcon Heavy following Ariane development delays. B1075 had previously flown 21 Falcon 9 missions from Vandenberg before being converted into a side booster for this launch. It landed at LZ-40, becoming the first Falcon Heavy side booster to touch down at the pad. This mission was the eighth Falcon-family launch to use a second stage equipped with the medium mission-extension kit, required for a long coast phase between second-stage ignitions.",VSFB,"Ka-band satellite for the APAC region. Originally planned to launch on a Ariane 6, payload was shifted to Falcon Heavy following Ariane development delays. B1075 had previously flown 21 Falcon 9 missions from Vandenberg before being converted into a side booster for this launch. It landed at LZ-40, becoming the first Falcon Heavy side booster to touch down at the pad. This mission was the eighth Falcon-family launch to use a second stage equipped with the medium mission-extension kit, required for a long coast phase between second-stage ignitions.","Ka-band satellite for the APAC region. Originally planned to launch on a Ariane 6, payload was shifted to Falcon Heavy following Ariane development delays. B1075 had previously flown 21 Falcon 9 missions from Vandenberg before being converted into a side booster for this launch. It landed at LZ-40, becoming the first Falcon Heavy side booster to touch down at the pad. This mission was the eighth Falcon-family launch to use a second stage equipped with the medium mission-extension kit, required for a long coast phase between second-stage ignitions.",ISS,"Ka-band satellite for the APAC region. Originally planned to launch on a Ariane 6, payload was shifted to Falcon Heavy following Ariane development delays. B1075 had previously flown 21 Falcon 9 missions from Vandenberg before being converted into a side booster for this launch. It landed at LZ-40, becoming the first Falcon Heavy side booster to touch down at the pad. This mission was the eighth Falcon-family launch to use a second stage equipped with the medium mission-extension kit, required for a long coast phase between second-stage ignitions.","Ka-band satellite for the APAC region. Originally planned to launch on a Ariane 6, payload was shifted to Falcon Heavy following Ariane development delays. B1075 had previously flown 21 Falcon 9 missions from Vandenberg before being converted into a side booster for this launch. It landed at LZ-40, becoming the first Falcon Heavy side booster to touch down at the pad. This mission was the eighth Falcon-family launch to use a second stage equipped with the medium mission-extension kit, required for a long coast phase between second-stage ignitions.","Ka-band satellite for the APAC region. Originally planned to launch on a Ariane 6, payload was shifted to Falcon Heavy following Ariane development delays. B1075 had previously flown 21 Falcon 9 missions from Vandenberg before being converted into a side booster for this launch. It landed at LZ-40, becoming the first Falcon Heavy side booster to touch down at the pad. This mission was the eighth Falcon-family launch to use a second stage equipped with the medium mission-extension kit, required for a long coast phase between second-stage ignitions.",,6.0,0
633,"April 30, 2026 02:42[305]",F9 B5 B1093‑13,VSFB,Starlink: Group 17-36,"~13,800 kg (30,400 lb)",SSO,SpaceX,Success,Success (OCISLY),,13800.0,1
633,Launch of 24 Starlink v2 mini satellites to a 281 km (175 mi) orbit at an inclination of 97° to expand internet constellation.,Launch of 24 Starlink v2 mini satellites to a 281 km (175 mi) orbit at an inclination of 97° to expand internet constellation.,Other,Launch of 24 Starlink v2 mini satellites to a 281 km (175 mi) orbit at an inclination of 97° to expand internet constellation.,Launch of 24 Starlink v2 mini satellites to a 281 km (175 mi) orbit at an inclination of 97° to expand internet constellation.,Other,Launch of 24 Starlink v2 mini satellites to a 281 km (175 mi) orbit at an inclination of 97° to expand internet constellation.,Launch of 24 Starlink v2 mini satellites to a 281 km (175 mi) orbit at an inclination of 97° to expand internet constellation.,Launch of 24 Starlink v2 mini satellites to a 281 km (175 mi) orbit at an inclination of 97° to expand internet constellation.,,24.0,0
634,"May 1, 2026 18:06[306]",F9 B5 B1069‑31,CCSFS,Starlink: Group 10-38,"~16,675 kg (36,762 lb)",LEO,SpaceX,Success,Success (ASOG),,16675.0,1
634,Launch of 29 Starlink v2 mini optimized satellites to a 279 km (173 mi) orbit at an inclination of 53° to expand internet constellation.,Launch of 29 Starlink v2 mini optimized satellites to a 279 km (173 mi) orbit at an inclination of 53° to expand internet constellation.,Other,Launch of 29 Starlink v2 mini optimized satellites to a 279 km (173 mi) orbit at an inclination of 53° to expand internet constellation.,Launch of 29 Starlink v2 mini optimized satellites to a 279 km (173 mi) orbit at an inclination of 53° to expand internet constellation.,Other,Launch of 29 Starlink v2 mini optimized satellites to a 279 km (173 mi) orbit at an inclination of 53° to expand internet constellation.,Launch of 29 Starlink v2 mini optimized satellites to a 279 km (173 mi) orbit at an inclination of 53° to expand internet constellation.,Launch of 29 Starlink v2 mini optimized satellites to a 279 km (173 mi) orbit at an inclination of 53° to expand internet constellation.,,29.0,0
635,"May 3, 2026 07:00[307]",F9 B5 B1071‑33,VSFB,CAS500-2 45 Rideshares,"500 kg (1,100 lb) CAS500-2",SSO,Korea Aerospace Industries & Others,Success,Success (LZ‑4),,500.0,1
635,South Korean Earth-observation satellite includes Rideshare Payloads.,South Korean Earth-observation satellite includes Rideshare Payloads.,Other,South Korean Earth-observation satellite includes Rideshare Payloads.,South Korean Earth-observation satellite includes Rideshare Payloads.,Other,South Korean Earth-observation satellite includes Rideshare Payloads.,South Korean Earth-observation satellite includes Rideshare Payloads.,South Korean Earth-observation satellite includes Rideshare Payloads.,,6920.564516129032,0
636,"May 6, 2026 03:59[308]",F9 B5 B1081‑24,VSFB,Starlink: Group 17-29,"~13,800 kg (30,400 lb)",SSO,SpaceX,Success,Success (OCISLY),,13800.0,1
636,"Launch of 24 Starlink v2 mini satellites to a 281 km (175 mi) orbit at an inclination of 97° to expand internet constellation. Debatably 268th consecutive successful booster landing, a record depending on whether booster landing for Starlink 12-20, launch 443 on March 3, 2026 is considered successful.","Launch of 24 Starlink v2 mini satellites to a 281 km (175 mi) orbit at an inclination of 97° to expand internet constellation. Debatably 268th consecutive successful booster landing, a record depending on whether booster landing for Starlink 12-20, launch 443 on March 3, 2026 is considered successful.",Other,"Launch of 24 Starlink v2 mini satellites to a 281 km (175 mi) orbit at an inclination of 97° to expand internet constellation. Debatably 268th consecutive successful booster landing, a record depending on whether booster landing for Starlink 12-20, launch 443 on March 3, 2026 is considered successful.","Launch of 24 Starlink v2 mini satellites to a 281 km (175 mi) orbit at an inclination of 97° to expand internet constellation. Debatably 268th consecutive successful booster landing, a record depending on whether booster landing for Starlink 12-20, launch 443 on March 3, 2026 is considered successful.",Other,"Launch of 24 Starlink v2 mini satellites to a 281 km (175 mi) orbit at an inclination of 97° to expand internet constellation. Debatably 268th consecutive successful booster landing, a record depending on whether booster landing for Starlink 12-20, launch 443 on March 3, 2026 is considered successful.","Launch of 24 Starlink v2 mini satellites to a 281 km (175 mi) orbit at an inclination of 97° to expand internet constellation. Debatably 268th consecutive successful booster landing, a record depending on whether booster landing for Starlink 12-20, launch 443 on March 3, 2026 is considered successful.","Launch of 24 Starlink v2 mini satellites to a 281 km (175 mi) orbit at an inclination of 97° to expand internet constellation. Debatably 268th consecutive successful booster landing, a record depending on whether booster landing for Starlink 12-20, launch 443 on March 3, 2026 is considered successful.",,24.0,1
637,"May 12, 2026 02:13[309]",F9 B5 B1097‑9,VSFB,NROL-172 (22 Starshield satellites),Unknown,LEO,NRO,Success,Success (OCISLY),,6920.564516129032,1
637,13th launch of batch SpaceX/Northrop Grumman-built Starshield satellites for the National Reconnaissance Office.,13th launch of batch SpaceX/Northrop Grumman-built Starshield satellites for the National Reconnaissance Office.,Other,13th launch of batch SpaceX/Northrop Grumman-built Starshield satellites for the National Reconnaissance Office.,13th launch of batch SpaceX/Northrop Grumman-built Starshield satellites for the National Reconnaissance Office.,ISS,13th launch of batch SpaceX/Northrop Grumman-built Starshield satellites for the National Reconnaissance Office.,13th launch of batch SpaceX/Northrop Grumman-built Starshield satellites for the National Reconnaissance Office.,13th launch of batch SpaceX/Northrop Grumman-built Starshield satellites for the National Reconnaissance Office.,,13.0,0
638,"May 15, 2026 22:05[310]",F9 B5 B1096‑6,CCSFS,SpaceX CRS-34 (Cargo Dragon C209-6),"2,948 kg (6,499 lb)",LEO,NASA (CRS),Success,Success (LZ‑40),,2948.0,1
638,"Carried 2,948 kg (6,499 lb) of cargo and supplies to the International Space Station (ISS).","Carried 2,948 kg (6,499 lb) of cargo and supplies to the International Space Station (ISS).",Other,"Carried 2,948 kg (6,499 lb) of cargo and supplies to the International Space Station (ISS).","Carried 2,948 kg (6,499 lb) of cargo and supplies to the International Space Station (ISS).",ISS,"Carried 2,948 kg (6,499 lb) of cargo and supplies to the International Space Station (ISS).","Carried 2,948 kg (6,499 lb) of cargo and supplies to the International Space Station (ISS).","Carried 2,948 kg (6,499 lb) of cargo and supplies to the International Space Station (ISS).",,2948.0,0
,,,Other,,,Other,,,,,6920.564516129032,0
639,"May 20, 2026 02:46[311]",F9 B5 B1103‑2,VSFB,Starlink: Group 17-42,"~13,800 kg (30,400 lb)",SSO,SpaceX,Success,Success (OCISLY),,13800.0,1
639,Launch of 24 Starlink v2 mini satellites to a 281 km (175 mi) orbit at an inclination of 97° to expand internet constellation.,Launch of 24 Starlink v2 mini satellites to a 281 km (175 mi) orbit at an inclination of 97° to expand internet constellation.,Other,Launch of 24 Starlink v2 mini satellites to a 281 km (175 mi) orbit at an inclination of 97° to expand internet constellation.,Launch of 24 Starlink v2 mini satellites to a 281 km (175 mi) orbit at an inclination of 97° to expand internet constellation.,Other,Launch of 24 Starlink v2 mini satellites to a 281 km (175 mi) orbit at an inclination of 97° to expand internet constellation.,Launch of 24 Starlink v2 mini satellites to a 281 km (175 mi) orbit at an inclination of 97° to expand internet constellation.,Launch of 24 Starlink v2 mini satellites to a 281 km (175 mi) orbit at an inclination of 97° to expand internet constellation.,,24.0,0
,,,Other,,,Other,,,,,6920.564516129032,0
640,"May 21, 2026 10:04[312]",F9 B5 B1077‑28,CCSFS,Starlink: Group 10-31,"~16,675 kg (36,762 lb)",LEO,SpaceX,Success,Success (ASOG),,16675.0,1
640,Launch of 29 Starlink v2 mini optimized satellites to a 279 km (173 mi) orbit at an inclination of 53° to expand internet constellation.,Launch of 29 Starlink v2 mini optimized satellites to a 279 km (173 mi) orbit at an inclination of 53° to expand internet constellation.,Other,Launch of 29 Starlink v2 mini optimized satellites to a 279 km (173 mi) orbit at an inclination of 53° to expand internet constellation.,Launch of 29 Starlink v2 mini optimized satellites to a 279 km (173 mi) orbit at an inclination of 53° to expand internet constellation.,Other,Launch of 29 Starlink v2 mini optimized satellites to a 279 km (173 mi) orbit at an inclination of 53° to expand internet constellation.,Launch of 29 Starlink v2 mini optimized satellites to a 279 km (173 mi) orbit at an inclination of 53° to expand internet constellation.,Launch of 29 Starlink v2 mini optimized satellites to a 279 km (173 mi) orbit at an inclination of 53° to expand internet constellation.,,29.0,0
,,,Other,,,Other,,,,,6920.564516129032,0
641,"May 25, 2026 11:48[313]",F9 B5 B1078‑28,CCSFS,Starlink: Group 10-47,"~16,675 kg (36,762 lb)",LEO,SpaceX,Success,Success (ASOG),,16675.0,1
641,Launch of 29 Starlink v2 mini optimized satellites to a 279 km (173 mi) orbit at an inclination of 53° to expand internet constellation.,Launch of 29 Starlink v2 mini optimized satellites to a 279 km (173 mi) orbit at an inclination of 53° to expand internet constellation.,Other,Launch of 29 Starlink v2 mini optimized satellites to a 279 km (173 mi) orbit at an inclination of 53° to expand internet constellation.,Launch of 29 Starlink v2 mini optimized satellites to a 279 km (173 mi) orbit at an inclination of 53° to expand internet constellation.,Other,Launch of 29 Starlink v2 mini optimized satellites to a 279 km (173 mi) orbit at an inclination of 53° to expand internet constellation.,Launch of 29 Starlink v2 mini optimized satellites to a 279 km (173 mi) orbit at an inclination of 53° to expand internet constellation.,Launch of 29 Starlink v2 mini optimized satellites to a 279 km (173 mi) orbit at an inclination of 53° to expand internet constellation.,,29.0,0
642,"May 26, 2026 14:50[314]",F9 B5 B1100‑6,VSFB,Starlink: Group 17-37,"~13,800 kg (30,400 lb)",SSO,SpaceX,Success,Success (OCISLY),,13800.0,1
642,Launch of 24 Starlink v2 mini satellites to a 281 km (175 mi) orbit at an inclination of 97° to expand internet constellation.,Launch of 24 Starlink v2 mini satellites to a 281 km (175 mi) orbit at an inclination of 97° to expand internet constellation.,Other,Launch of 24 Starlink v2 mini satellites to a 281 km (175 mi) orbit at an inclination of 97° to expand internet constellation.,Launch of 24 Starlink v2 mini satellites to a 281 km (175 mi) orbit at an inclination of 97° to expand internet constellation.,Other,Launch of 24 Starlink v2 mini satellites to a 281 km (175 mi) orbit at an inclination of 97° to expand internet constellation.,Launch of 24 Starlink v2 mini satellites to a 281 km (175 mi) orbit at an inclination of 97° to expand internet constellation.,Launch of 24 Starlink v2 mini satellites to a 281 km (175 mi) orbit at an inclination of 97° to expand internet constellation.,,24.0,0
643,"May 29, 2026 12:57[315]",F9 B5 B1085‑16,CCSFS,Starlink: Group 10-53,"~16,675 kg (36,762 lb)",LEO,SpaceX,Success,Success (ASOG),,16675.0,1
643,Launch of 29 Starlink v2 mini optimized satellites to a 279 km (173 mi) orbit at an inclination of 53° to expand internet constellation.,Launch of 29 Starlink v2 mini optimized satellites to a 279 km (173 mi) orbit at an inclination of 53° to expand internet constellation.,Other,Launch of 29 Starlink v2 mini optimized satellites to a 279 km (173 mi) orbit at an inclination of 53° to expand internet constellation.,Launch of 29 Starlink v2 mini optimized satellites to a 279 km (173 mi) orbit at an inclination of 53° to expand internet constellation.,Other,Launch of 29 Starlink v2 mini optimized satellites to a 279 km (173 mi) orbit at an inclination of 53° to expand internet constellation.,Launch of 29 Starlink v2 mini optimized satellites to a 279 km (173 mi) orbit at an inclination of 53° to expand internet constellation.,Launch of 29 Starlink v2 mini optimized satellites to a 279 km (173 mi) orbit at an inclination of 53° to expand internet constellation.,,29.0,0
644,"May 30, 2026 15:25[316]",F9 B5 B1082‑22,VSFB,Starlink: Group 17-41,"~13,800 kg (30,400 lb)",SSO,SpaceX,Success,Success (OCISLY),,13800.0,1
644,Launch of 24 Starlink v2 mini satellites to a 281 km (175 mi) orbit at an inclination of 97° to expand internet constellation.,Launch of 24 Starlink v2 mini satellites to a 281 km (175 mi) orbit at an inclination of 97° to expand internet constellation.,Other,Launch of 24 Starlink v2 mini satellites to a 281 km (175 mi) orbit at an inclination of 97° to expand internet constellation.,Launch of 24 Starlink v2 mini satellites to a 281 km (175 mi) orbit at an inclination of 97° to expand internet constellation.,Other,Launch of 24 Starlink v2 mini satellites to a 281 km (175 mi) orbit at an inclination of 97° to expand internet constellation.,Launch of 24 Starlink v2 mini satellites to a 281 km (175 mi) orbit at an inclination of 97° to expand internet constellation.,Launch of 24 Starlink v2 mini satellites to a 281 km (175 mi) orbit at an inclination of 97° to expand internet constellation.,,24.0,0
645,"June 3, 2026 15:40[317]",F9 B5 B1088‑16,VSFB,Starlink: Group 17-47,"~13,800 kg (30,400 lb)",SSO,SpaceX,Success,Success (OCISLY),,13800.0,1
645,Launch of 24 Starlink v2 mini satellites to a 281 km (175 mi) orbit at an inclination of 97° to expand internet constellation.,Launch of 24 Starlink v2 mini satellites to a 281 km (175 mi) orbit at an inclination of 97° to expand internet constellation.,Other,Launch of 24 Starlink v2 mini satellites to a 281 km (175 mi) orbit at an inclination of 97° to expand internet constellation.,Launch of 24 Starlink v2 mini satellites to a 281 km (175 mi) orbit at an inclination of 97° to expand internet constellation.,Other,Launch of 24 Starlink v2 mini satellites to a 281 km (175 mi) orbit at an inclination of 97° to expand internet constellation.,Launch of 24 Starlink v2 mini satellites to a 281 km (175 mi) orbit at an inclination of 97° to expand internet constellation.,Launch of 24 Starlink v2 mini satellites to a 281 km (175 mi) orbit at an inclination of 97° to expand internet constellation.,,24.0,0
646,"June 4, 2026 10:26[318]",F9 B5 B1090‑12,CCSFS,Starlink: Group 10-43,"~16,675 kg (36,762 lb)",LEO,SpaceX,Success,Success (ASOG),,16675.0,1
646,"Launch of 29 Starlink v2 mini optimized satellites to a 279 km (173 mi) orbit at an inclination of 53° to expand internet constellation, one of the first stage's grid fins locked up moments before touchdown however this did not affect the successful outcome of the landing.","Launch of 29 Starlink v2 mini optimized satellites to a 279 km (173 mi) orbit at an inclination of 53° to expand internet constellation, one of the first stage's grid fins locked up moments before touchdown however this did not affect the successful outcome of the landing.",Other,"Launch of 29 Starlink v2 mini optimized satellites to a 279 km (173 mi) orbit at an inclination of 53° to expand internet constellation, one of the first stage's grid fins locked up moments before touchdown however this did not affect the successful outcome of the landing.","Launch of 29 Starlink v2 mini optimized satellites to a 279 km (173 mi) orbit at an inclination of 53° to expand internet constellation, one of the first stage's grid fins locked up moments before touchdown however this did not affect the successful outcome of the landing.",Other,"Launch of 29 Starlink v2 mini optimized satellites to a 279 km (173 mi) orbit at an inclination of 53° to expand internet constellation, one of the first stage's grid fins locked up moments before touchdown however this did not affect the successful outcome of the landing.","Launch of 29 Starlink v2 mini optimized satellites to a 279 km (173 mi) orbit at an inclination of 53° to expand internet constellation, one of the first stage's grid fins locked up moments before touchdown however this did not affect the successful outcome of the landing.","Launch of 29 Starlink v2 mini optimized satellites to a 279 km (173 mi) orbit at an inclination of 53° to expand internet constellation, one of the first stage's grid fins locked up moments before touchdown however this did not affect the successful outcome of the landing.",,29.0,1
647,"June 7, 2026 04:24[319]",F9 B5 B1097‑10,VSFB,Starlink: Group 17-43 + 2 Starshield satellites,"~12,075 kg (26,621 lb)",SSO,SpaceX,Success,Success (OCISLY),,12075.0,1
647,Launch of 21 Starlink v2 mini and 2 Starshield satellites to a 281 km (175 mi) orbit at an inclination of 97° to expand internet constellation. Includes Starshield satellites.,Launch of 21 Starlink v2 mini and 2 Starshield satellites to a 281 km (175 mi) orbit at an inclination of 97° to expand internet constellation. Includes Starshield satellites.,Other,Launch of 21 Starlink v2 mini and 2 Starshield satellites to a 281 km (175 mi) orbit at an inclination of 97° to expand internet constellation. Includes Starshield satellites.,Launch of 21 Starlink v2 mini and 2 Starshield satellites to a 281 km (175 mi) orbit at an inclination of 97° to expand internet constellation. Includes Starshield satellites.,Other,Launch of 21 Starlink v2 mini and 2 Starshield satellites to a 281 km (175 mi) orbit at an inclination of 97° to expand internet constellation. Includes Starshield satellites.,Launch of 21 Starlink v2 mini and 2 Starshield satellites to a 281 km (175 mi) orbit at an inclination of 97° to expand internet constellation. Includes Starshield satellites.,Launch of 21 Starlink v2 mini and 2 Starshield satellites to a 281 km (175 mi) orbit at an inclination of 97° to expand internet constellation. Includes Starshield satellites.,,21.0,0
648,"June 8, 2026 10:13[320]",F9 B5 B1067‑35,CCSFS,Starlink: Group 10-35,"~16,675 kg (36,762 lb)",LEO,SpaceX,Success,Success (ASOG),,16675.0,1
648,"Launch of 29 Starlink v2 mini optimized satellites to a 279 km (173 mi) orbit at an inclination of 53° to expand internet constellation. First booster to fly 35 missions, new record.","Launch of 29 Starlink v2 mini optimized satellites to a 279 km (173 mi) orbit at an inclination of 53° to expand internet constellation. First booster to fly 35 missions, new record.",Other,"Launch of 29 Starlink v2 mini optimized satellites to a 279 km (173 mi) orbit at an inclination of 53° to expand internet constellation. First booster to fly 35 missions, new record.","Launch of 29 Starlink v2 mini optimized satellites to a 279 km (173 mi) orbit at an inclination of 53° to expand internet constellation. First booster to fly 35 missions, new record.",ISS,"Launch of 29 Starlink v2 mini optimized satellites to a 279 km (173 mi) orbit at an inclination of 53° to expand internet constellation. First booster to fly 35 missions, new record.","Launch of 29 Starlink v2 mini optimized satellites to a 279 km (173 mi) orbit at an inclination of 53° to expand internet constellation. First booster to fly 35 missions, new record.","Launch of 29 Starlink v2 mini optimized satellites to a 279 km (173 mi) orbit at an inclination of 53° to expand internet constellation. First booster to fly 35 missions, new record.",,29.0,0
649,"June 11, 2026 15:05[321]",F9 B5 B1071‑34,VSFB,Starlink: Group 17-44,"~13,800 kg (30,400 lb)",SSO,SpaceX,Success,Success (OCISLY),,13800.0,1
649,Launch of 24 Starlink v2 mini satellites to a 281 km (175 mi) orbit at an inclination of 97° to expand internet constellation.,Launch of 24 Starlink v2 mini satellites to a 281 km (175 mi) orbit at an inclination of 97° to expand internet constellation.,Other,Launch of 24 Starlink v2 mini satellites to a 281 km (175 mi) orbit at an inclination of 97° to expand internet constellation.,Launch of 24 Starlink v2 mini satellites to a 281 km (175 mi) orbit at an inclination of 97° to expand internet constellation.,Other,Launch of 24 Starlink v2 mini satellites to a 281 km (175 mi) orbit at an inclination of 97° to expand internet constellation.,Launch of 24 Starlink v2 mini satellites to a 281 km (175 mi) orbit at an inclination of 97° to expand internet constellation.,Launch of 24 Starlink v2 mini satellites to a 281 km (175 mi) orbit at an inclination of 97° to expand internet constellation.,,24.0,0
650,"June 12, 2026 12:37[322]",F9 B5 B1080‑27,CCSFS,Starlink: Group 10-54,"~16,675 kg (36,762 lb)",LEO,SpaceX,Success,Success (ASOG),,16675.0,1
650,Launch of 29 Starlink v2 mini optimized satellites to a 279 km (173 mi) orbit at an inclination of 53° to expand internet constellation. 1st time flying a fairing half for the 37th time.[323],Launch of 29 Starlink v2 mini optimized satellites to a 279 km (173 mi) orbit at an inclination of 53° to expand internet constellation. 1st time flying a fairing half for the 37th time.[323],Other,Launch of 29 Starlink v2 mini optimized satellites to a 279 km (173 mi) orbit at an inclination of 53° to expand internet constellation. 1st time flying a fairing half for the 37th time.[323],Launch of 29 Starlink v2 mini optimized satellites to a 279 km (173 mi) orbit at an inclination of 53° to expand internet constellation. 1st time flying a fairing half for the 37th time.[323],Other,Launch of 29 Starlink v2 mini optimized satellites to a 279 km (173 mi) orbit at an inclination of 53° to expand internet constellation. 1st time flying a fairing half for the 37th time.[323],Launch of 29 Starlink v2 mini optimized satellites to a 279 km (173 mi) orbit at an inclination of 53° to expand internet constellation. 1st time flying a fairing half for the 37th time.[323],Launch of 29 Starlink v2 mini optimized satellites to a 279 km (173 mi) orbit at an inclination of 53° to expand internet constellation. 1st time flying a fairing half for the 37th time.[323],,29.0,0
651,"June 15, 2026 15:34[324]",F9 B5 B1093‑14,VSFB,Starlink: Group 17-54,"~13,800 kg (30,400 lb)",SSO,SpaceX,Success,Success (OCISLY),,13800.0,1
651,Launch of 24 Starlink v2 mini satellites to a 281 km (175 mi) orbit at an inclination of 97° to expand internet constellation.,Launch of 24 Starlink v2 mini satellites to a 281 km (175 mi) orbit at an inclination of 97° to expand internet constellation.,Other,Launch of 24 Starlink v2 mini satellites to a 281 km (175 mi) orbit at an inclination of 97° to expand internet constellation.,Launch of 24 Starlink v2 mini satellites to a 281 km (175 mi) orbit at an inclination of 97° to expand internet constellation.,Other,Launch of 24 Starlink v2 mini satellites to a 281 km (175 mi) orbit at an inclination of 97° to expand internet constellation.,Launch of 24 Starlink v2 mini satellites to a 281 km (175 mi) orbit at an inclination of 97° to expand internet constellation.,Launch of 24 Starlink v2 mini satellites to a 281 km (175 mi) orbit at an inclination of 97° to expand internet constellation.,,24.0,0
652,"June 17, 2026 06:39[325]",F9 B5 B1077‑29,CCSFS,"BlueBird Block 2 FM3-5 (3 Satellites, BlueBird 8 to 10)","~13,500 kg (29,800 lb)",LEO,AST SpaceMobile,Success,Success (ASOG),,13500.0,1
652,"Cellphone-compatible broadband constellation. The next-generation Block 2 BlueBird satellites delivers 10x the bandwidth of BlueBird Block 1 satellites, allowing continuous cellular broadband service coverage. They will feature a ~2,400 ft2 (220 m2) communications array, the largest ever developed commercially.[326]","Cellphone-compatible broadband constellation. The next-generation Block 2 BlueBird satellites delivers 10x the bandwidth of BlueBird Block 1 satellites, allowing continuous cellular broadband service coverage. They will feature a ~2,400 ft2 (220 m2) communications array, the largest ever developed commercially.[326]",Other,"Cellphone-compatible broadband constellation. The next-generation Block 2 BlueBird satellites delivers 10x the bandwidth of BlueBird Block 1 satellites, allowing continuous cellular broadband service coverage. They will feature a ~2,400 ft2 (220 m2) communications array, the largest ever developed commercially.[326]","Cellphone-compatible broadband constellation. The next-generation Block 2 BlueBird satellites delivers 10x the bandwidth of BlueBird Block 1 satellites, allowing continuous cellular broadband service coverage. They will feature a ~2,400 ft2 (220 m2) communications array, the largest ever developed commercially.[326]",Other,"Cellphone-compatible broadband constellation. The next-generation Block 2 BlueBird satellites delivers 10x the bandwidth of BlueBird Block 1 satellites, allowing continuous cellular broadband service coverage. They will feature a ~2,400 ft2 (220 m2) communications array, the largest ever developed commercially.[326]","Cellphone-compatible broadband constellation. The next-generation Block 2 BlueBird satellites delivers 10x the bandwidth of BlueBird Block 1 satellites, allowing continuous cellular broadband service coverage. They will feature a ~2,400 ft2 (220 m2) communications array, the largest ever developed commercially.[326]","Cellphone-compatible broadband constellation. The next-generation Block 2 BlueBird satellites delivers 10x the bandwidth of BlueBird Block 1 satellites, allowing continuous cellular broadband service coverage. They will feature a ~2,400 ft2 (220 m2) communications array, the largest ever developed commercially.[326]",,2.0,0
653,"June 19, 2026 08:50[327]",F9 B5 B1103‑3,VSFB,NROL-179 (9 Starshield satellites),Classified,LEO,NRO,Success,Success (LZ‑4),,6920.564516129032,1
653,Launch of SpaceX/Northrop Grumman-built Starshield satellites for the National Reconnaissance Office.,Launch of SpaceX/Northrop Grumman-built Starshield satellites for the National Reconnaissance Office.,Other,Launch of SpaceX/Northrop Grumman-built Starshield satellites for the National Reconnaissance Office.,Launch of SpaceX/Northrop Grumman-built Starshield satellites for the National Reconnaissance Office.,ISS,Launch of SpaceX/Northrop Grumman-built Starshield satellites for the National Reconnaissance Office.,Launch of SpaceX/Northrop Grumman-built Starshield satellites for the National Reconnaissance Office.,Launch of SpaceX/Northrop Grumman-built Starshield satellites for the National Reconnaissance Office.,,6920.564516129032,0
654,"June 21, 2026 16:39[328]",F9 B5 B1063‑33,VSFB,Starlink: Group 17-28,"~13,800 kg (30,400 lb)",SSO,SpaceX,Success,Success (OCISLY),,13800.0,1
654,Launch of 24 Starlink v2 mini satellites to a 281 km (175 mi) orbit at an inclination of 97° to expand internet constellation.,Launch of 24 Starlink v2 mini satellites to a 281 km (175 mi) orbit at an inclination of 97° to expand internet constellation.,Other,Launch of 24 Starlink v2 mini satellites to a 281 km (175 mi) orbit at an inclination of 97° to expand internet constellation.,Launch of 24 Starlink v2 mini satellites to a 281 km (175 mi) orbit at an inclination of 97° to expand internet constellation.,Other,Launch of 24 Starlink v2 mini satellites to a 281 km (175 mi) orbit at an inclination of 97° to expand internet constellation.,Launch of 24 Starlink v2 mini satellites to a 281 km (175 mi) orbit at an inclination of 97° to expand internet constellation.,Launch of 24 Starlink v2 mini satellites to a 281 km (175 mi) orbit at an inclination of 97° to expand internet constellation.,,24.0,0
655,"June 23, 2026 10:53[329]",F9 B5 B1078‑29,CCSFS,SpaceX Starfall,Unknown,LEO,SpaceX,Success,Success (ASOG),,6920.564516129032,1
655,"Starfall Demo. Starfall is SpaceX, mass-produced reentry vehicle designed to autonomously transport valuable payloads safely back from space to Earth, including for in-orbit manufacturing. Starfall is a cylindrical shaped capsule approximately 0.75 meters tall with a diameter of 3.1 meters, weighing approximately 2,100 kilograms, and capable of carrying 1,000 kilogram of payload. This mission was the ninth Falcon-family launch to use a second stage equipped with the medium mission-extension kit, required for a long coast phase between second-stage ignitions.","Starfall Demo. Starfall is SpaceX, mass-produced reentry vehicle designed to autonomously transport valuable payloads safely back from space to Earth, including for in-orbit manufacturing. Starfall is a cylindrical shaped capsule approximately 0.75 meters tall with a diameter of 3.1 meters, weighing approximately 2,100 kilograms, and capable of carrying 1,000 kilogram of payload. This mission was the ninth Falcon-family launch to use a second stage equipped with the medium mission-extension kit, required for a long coast phase between second-stage ignitions.",Other,"Starfall Demo. Starfall is SpaceX, mass-produced reentry vehicle designed to autonomously transport valuable payloads safely back from space to Earth, including for in-orbit manufacturing. Starfall is a cylindrical shaped capsule approximately 0.75 meters tall with a diameter of 3.1 meters, weighing approximately 2,100 kilograms, and capable of carrying 1,000 kilogram of payload. This mission was the ninth Falcon-family launch to use a second stage equipped with the medium mission-extension kit, required for a long coast phase between second-stage ignitions.","Starfall Demo. Starfall is SpaceX, mass-produced reentry vehicle designed to autonomously transport valuable payloads safely back from space to Earth, including for in-orbit manufacturing. Starfall is a cylindrical shaped capsule approximately 0.75 meters tall with a diameter of 3.1 meters, weighing approximately 2,100 kilograms, and capable of carrying 1,000 kilogram of payload. This mission was the ninth Falcon-family launch to use a second stage equipped with the medium mission-extension kit, required for a long coast phase between second-stage ignitions.",PO,"Starfall Demo. Starfall is SpaceX, mass-produced reentry vehicle designed to autonomously transport valuable payloads safely back from space to Earth, including for in-orbit manufacturing. Starfall is a cylindrical shaped capsule approximately 0.75 meters tall with a diameter of 3.1 meters, weighing approximately 2,100 kilograms, and capable of carrying 1,000 kilogram of payload. This mission was the ninth Falcon-family launch to use a second stage equipped with the medium mission-extension kit, required for a long coast phase between second-stage ignitions.","Starfall Demo. Starfall is SpaceX, mass-produced reentry vehicle designed to autonomously transport valuable payloads safely back from space to Earth, including for in-orbit manufacturing. Starfall is a cylindrical shaped capsule approximately 0.75 meters tall with a diameter of 3.1 meters, weighing approximately 2,100 kilograms, and capable of carrying 1,000 kilogram of payload. This mission was the ninth Falcon-family launch to use a second stage equipped with the medium mission-extension kit, required for a long coast phase between second-stage ignitions.","Starfall Demo. Starfall is SpaceX, mass-produced reentry vehicle designed to autonomously transport valuable payloads safely back from space to Earth, including for in-orbit manufacturing. Starfall is a cylindrical shaped capsule approximately 0.75 meters tall with a diameter of 3.1 meters, weighing approximately 2,100 kilograms, and capable of carrying 1,000 kilogram of payload. This mission was the ninth Falcon-family launch to use a second stage equipped with the medium mission-extension kit, required for a long coast phase between second-stage ignitions.",,0.0,0
656,"June 25, 2026 03:30[330]",F9 B5 B1081‑25,VSFB,Starlink: Group 17-45,"~13,800 kg (30,400 lb)",SSO,SpaceX,Success,Success (OCISLY),,13800.0,1
656,Launch of 24 Starlink v2 mini satellites to a 281 km (175 mi) orbit at an inclination of 97° to expand internet constellation.,Launch of 24 Starlink v2 mini satellites to a 281 km (175 mi) orbit at an inclination of 97° to expand internet constellation.,Other,Launch of 24 Starlink v2 mini satellites to a 281 km (175 mi) orbit at an inclination of 97° to expand internet constellation.,Launch of 24 Starlink v2 mini satellites to a 281 km (175 mi) orbit at an inclination of 97° to expand internet constellation.,Other,Launch of 24 Starlink v2 mini satellites to a 281 km (175 mi) orbit at an inclination of 97° to expand internet constellation.,Launch of 24 Starlink v2 mini satellites to a 281 km (175 mi) orbit at an inclination of 97° to expand internet constellation.,Launch of 24 Starlink v2 mini satellites to a 281 km (175 mi) orbit at an inclination of 97° to expand internet constellation.,,24.0,0
657,"June 28, 2026 16:09[331]",F9 B5 B1088‑17,VSFB,Starlink: Group 17-40,"~13,800 kg (30,400 lb)",SSO,SpaceX,Success,Success (OCISLY),,13800.0,1
657,Launch of 24 Starlink v2 mini satellites to a 281 km (175 mi) orbit at an inclination of 97° to expand internet constellation.,Launch of 24 Starlink v2 mini satellites to a 281 km (175 mi) orbit at an inclination of 97° to expand internet constellation.,Other,Launch of 24 Starlink v2 mini satellites to a 281 km (175 mi) orbit at an inclination of 97° to expand internet constellation.,Launch of 24 Starlink v2 mini satellites to a 281 km (175 mi) orbit at an inclination of 97° to expand internet constellation.,Other,Launch of 24 Starlink v2 mini satellites to a 281 km (175 mi) orbit at an inclination of 97° to expand internet constellation.,Launch of 24 Starlink v2 mini satellites to a 281 km (175 mi) orbit at an inclination of 97° to expand internet constellation.,Launch of 24 Starlink v2 mini satellites to a 281 km (175 mi) orbit at an inclination of 97° to expand internet constellation.,,24.0,0
658,"June 29, 2026 02:25[332]",F9 B5 B1085‑17,CCSFS,SXM-11,"7,000 kg (15,000 lb)",GTO,SiriusXM,Success,Success (ASOG),,7000.0,1
658,"High-powered, digital, audio radio satellite.","High-powered, digital, audio radio satellite.",Other,"High-powered, digital, audio radio satellite.","High-powered, digital, audio radio satellite.",PO,"High-powered, digital, audio radio satellite.","High-powered, digital, audio radio satellite.","High-powered, digital, audio radio satellite.",,6920.564516129032,0
659,"July 2, 2026 02:58[333]",F9 B5 B1100‑7,VSFB,Starlink: Group 17-46,"~13,800 kg (30,400 lb)",SSO,SpaceX,Success,Success (OCISLY),,13800.0,1
659,Launch of 24 Starlink v2 mini satellites to a 281 km (175 mi) orbit at an inclination of 97° to expand internet constellation.,Launch of 24 Starlink v2 mini satellites to a 281 km (175 mi) orbit at an inclination of 97° to expand internet constellation.,Other,Launch of 24 Starlink v2 mini satellites to a 281 km (175 mi) orbit at an inclination of 97° to expand internet constellation.,Launch of 24 Starlink v2 mini satellites to a 281 km (175 mi) orbit at an inclination of 97° to expand internet constellation.,Other,Launch of 24 Starlink v2 mini satellites to a 281 km (175 mi) orbit at an inclination of 97° to expand internet constellation.,Launch of 24 Starlink v2 mini satellites to a 281 km (175 mi) orbit at an inclination of 97° to expand internet constellation.,Launch of 24 Starlink v2 mini satellites to a 281 km (175 mi) orbit at an inclination of 97° to expand internet constellation.,,24.0,0
660,"July 5, 2026 10:50[334]",F9 B5 B1090‑13,CCSFS,Starlink: Group 10-50,"~16,675 kg (36,762 lb)",LEO,SpaceX,Success,Success (ASOG),,16675.0,1
660,"July 5, 2026 10:50[334]",F9 B5 B1090‑13,CCSFS,Fabships Flight 1 (semiconductor test pods x 2),~28 kg (62 lb)[335],Other,Besxar Space Industries,Success,Success (ASOG),,28.0,1
660,"Launch of 29 Starlink v2 mini optimized satellites to a 279 km (173 mi) orbit at an inclination of 53° to expand internet constellation. First of 12 suborbital rideshare flights where the first stage will house 2 semiconductor test pods in its interstage, called Fabships, for Besxar Space industries.","Launch of 29 Starlink v2 mini optimized satellites to a 279 km (173 mi) orbit at an inclination of 53° to expand internet constellation. First of 12 suborbital rideshare flights where the first stage will house 2 semiconductor test pods in its interstage, called Fabships, for Besxar Space industries.",Other,"Launch of 29 Starlink v2 mini optimized satellites to a 279 km (173 mi) orbit at an inclination of 53° to expand internet constellation. First of 12 suborbital rideshare flights where the first stage will house 2 semiconductor test pods in its interstage, called Fabships, for Besxar Space industries.","Launch of 29 Starlink v2 mini optimized satellites to a 279 km (173 mi) orbit at an inclination of 53° to expand internet constellation. First of 12 suborbital rideshare flights where the first stage will house 2 semiconductor test pods in its interstage, called Fabships, for Besxar Space industries.",PO,"Launch of 29 Starlink v2 mini optimized satellites to a 279 km (173 mi) orbit at an inclination of 53° to expand internet constellation. First of 12 suborbital rideshare flights where the first stage will house 2 semiconductor test pods in its interstage, called Fabships, for Besxar Space industries.","Launch of 29 Starlink v2 mini optimized satellites to a 279 km (173 mi) orbit at an inclination of 53° to expand internet constellation. First of 12 suborbital rideshare flights where the first stage will house 2 semiconductor test pods in its interstage, called Fabships, for Besxar Space industries.","Launch of 29 Starlink v2 mini optimized satellites to a 279 km (173 mi) orbit at an inclination of 53° to expand internet constellation. First of 12 suborbital rideshare flights where the first stage will house 2 semiconductor test pods in its interstage, called Fabships, for Besxar Space industries.","Launch of 29 Starlink v2 mini optimized satellites to a 279 km (173 mi) orbit at an inclination of 53° to expand internet constellation. First of 12 suborbital rideshare flights where the first stage will house 2 semiconductor test pods in its interstage, called Fabships, for Besxar Space industries.",29.0,0
661,"July 7, 2026 07:12[336]",F9 B5 B1097‑11,VSFB,Transporter-17 (81 payloads smallsat rideshare)[82],Unknown[k],SSO,Various,Success,Success (OCISLY),,6920.564516129032,1
661,Dedicated SmallSat rideshare mission to sun-synchronous orbit.,Dedicated SmallSat rideshare mission to sun-synchronous orbit.,Other,Dedicated SmallSat rideshare mission to sun-synchronous orbit.,Dedicated SmallSat rideshare mission to sun-synchronous orbit.,SSO,Dedicated SmallSat rideshare mission to sun-synchronous orbit.,Dedicated SmallSat rideshare mission to sun-synchronous orbit.,Dedicated SmallSat rideshare mission to sun-synchronous orbit.,,6920.564516129032,0
662,"July 9, 2026 09:25[337]",F9 B5 B1067‑36,CCSFS,Starlink: Group 10-42,"~16,675 kg (36,762 lb)",LEO,SpaceX,Success,Success (ASOG),,16675.0,1
662,"Launch of 29 Starlink v2 mini optimized satellites to a 279 km (173 mi) orbit at an inclination of 53° to expand internet constellation. First booster to fly 36 missions, new record.","Launch of 29 Starlink v2 mini optimized satellites to a 279 km (173 mi) orbit at an inclination of 53° to expand internet constellation. First booster to fly 36 missions, new record.",Other,"Launch of 29 Starlink v2 mini optimized satellites to a 279 km (173 mi) orbit at an inclination of 53° to expand internet constellation. First booster to fly 36 missions, new record.","Launch of 29 Starlink v2 mini optimized satellites to a 279 km (173 mi) orbit at an inclination of 53° to expand internet constellation. First booster to fly 36 missions, new record.",ISS,"Launch of 29 Starlink v2 mini optimized satellites to a 279 km (173 mi) orbit at an inclination of 53° to expand internet constellation. First booster to fly 36 missions, new record.","Launch of 29 Starlink v2 mini optimized satellites to a 279 km (173 mi) orbit at an inclination of 53° to expand internet constellation. First booster to fly 36 missions, new record.","Launch of 29 Starlink v2 mini optimized satellites to a 279 km (173 mi) orbit at an inclination of 53° to expand internet constellation. First booster to fly 36 missions, new record.",,29.0,0
663,"July 11, 2026 03:01[338]",F9 B5 B1071‑35,VSFB,Starlink: Group 17-48,"~13,800 kg (30,400 lb)",SSO,SpaceX,Success,Success (OCISLY),,13800.0,1
663,Launch of 24 Starlink v2 mini satellites to a 281 km (175 mi) orbit at an inclination of 97° to expand internet constellation.,Launch of 24 Starlink v2 mini satellites to a 281 km (175 mi) orbit at an inclination of 97° to expand internet constellation.,Other,Launch of 24 Starlink v2 mini satellites to a 281 km (175 mi) orbit at an inclination of 97° to expand internet constellation.,Launch of 24 Starlink v2 mini satellites to a 281 km (175 mi) orbit at an inclination of 97° to expand internet constellation.,Other,Launch of 24 Starlink v2 mini satellites to a 281 km (175 mi) orbit at an inclination of 97° to expand internet constellation.,Launch of 24 Starlink v2 mini satellites to a 281 km (175 mi) orbit at an inclination of 97° to expand internet constellation.,Launch of 24 Starlink v2 mini satellites to a 281 km (175 mi) orbit at an inclination of 97° to expand internet constellation.,,24.0,0
664,"July 14, 2026 01:28[339]",F9 B5 B1093‑15,VSFB,Starlink: Group 15-14,"~15,525 kg (34,227 lb)",LEO,SpaceX,Success,Success (OCISLY),,15525.0,1
664,Launch of 27 Starlink v2 mini satellites to a 295 km (183 mi) orbit at an inclination of 70° to expand internet constellation.,Launch of 27 Starlink v2 mini satellites to a 295 km (183 mi) orbit at an inclination of 70° to expand internet constellation.,Other,Launch of 27 Starlink v2 mini satellites to a 295 km (183 mi) orbit at an inclination of 70° to expand internet constellation.,Launch of 27 Starlink v2 mini satellites to a 295 km (183 mi) orbit at an inclination of 70° to expand internet constellation.,Other,Launch of 27 Starlink v2 mini satellites to a 295 km (183 mi) orbit at an inclination of 70° to expand internet constellation.,Launch of 27 Starlink v2 mini satellites to a 295 km (183 mi) orbit at an inclination of 70° to expand internet constellation.,Launch of 27 Starlink v2 mini satellites to a 295 km (183 mi) orbit at an inclination of 70° to expand internet constellation.,,27.0,0
665,"July 14, 2026 09:10[340]",F9 B5 B1080‑28,CCSFS,Starlink: Group 10-45,"~16,675 kg (36,762 lb)",LEO,SpaceX,Success,Success (ASOG),,16675.0,1
665,Launch of 29 Starlink v2 mini optimized satellites to a 279 km (173 mi) orbit at an inclination of 53° to expand internet constellation. 1st time flying a fairing half for the 38th time.[341],Launch of 29 Starlink v2 mini optimized satellites to a 279 km (173 mi) orbit at an inclination of 53° to expand internet constellation. 1st time flying a fairing half for the 38th time.[341],Other,Launch of 29 Starlink v2 mini optimized satellites to a 279 km (173 mi) orbit at an inclination of 53° to expand internet constellation. 1st time flying a fairing half for the 38th time.[341],Launch of 29 Starlink v2 mini optimized satellites to a 279 km (173 mi) orbit at an inclination of 53° to expand internet constellation. 1st time flying a fairing half for the 38th time.[341],Other,Launch of 29 Starlink v2 mini optimized satellites to a 279 km (173 mi) orbit at an inclination of 53° to expand internet constellation. 1st time flying a fairing half for the 38th time.[341],Launch of 29 Starlink v2 mini optimized satellites to a 279 km (173 mi) orbit at an inclination of 53° to expand internet constellation. 1st time flying a fairing half for the 38th time.[341],Launch of 29 Starlink v2 mini optimized satellites to a 279 km (173 mi) orbit at an inclination of 53° to expand internet constellation. 1st time flying a fairing half for the 38th time.[341],,29.0,0
666,"July 16, 2026 20:32[342]",F9 B5 B1103‑4,VSFB,SDA Tranche 1 Transport Layer E (21 satellites),Unknown,LEO,SDA,Success,Success (OCISLY),,6920.564516129032,1
666,Launch part of Phase 2 US Space Force contract awarded in 2022.[187][208],Launch part of Phase 2 US Space Force contract awarded in 2022.[187][208],Other,Launch part of Phase 2 US Space Force contract awarded in 2022.[187][208],Launch part of Phase 2 US Space Force contract awarded in 2022.[187][208],Other,Launch part of Phase 2 US Space Force contract awarded in 2022.[187][208],Launch part of Phase 2 US Space Force contract awarded in 2022.[187][208],Launch part of Phase 2 US Space Force contract awarded in 2022.[187][208],,2.0,0
667,"July 21, 2026 14:49[343]",F9 B5 B1082‑23,VSFB,Starlink: Group 17-39,"~13,800 kg (30,400 lb)",SSO,SpaceX,Success,Success (OCISLY),,13800.0,1
667,Launch of 24 Starlink v2 mini satellites to a 281 km (175 mi) orbit at an inclination of 97° to expand internet constellation.,Launch of 24 Starlink v2 mini satellites to a 281 km (175 mi) orbit at an inclination of 97° to expand internet constellation.,Other,Launch of 24 Starlink v2 mini satellites to a 281 km (175 mi) orbit at an inclination of 97° to expand internet constellation.,Launch of 24 Starlink v2 mini satellites to a 281 km (175 mi) orbit at an inclination of 97° to expand internet constellation.,Other,Launch of 24 Starlink v2 mini satellites to a 281 km (175 mi) orbit at an inclination of 97° to expand internet constellation.,Launch of 24 Starlink v2 mini satellites to a 281 km (175 mi) orbit at an inclination of 97° to expand internet constellation.,Launch of 24 Starlink v2 mini satellites to a 281 km (175 mi) orbit at an inclination of 97° to expand internet constellation.,,24.0,0
668,"July 21, 2026 21:15[344]",F9 B5 B1069‑32,CCSFS,Mission Robotic Vehicle (MRV) × 1[345] Mission Extension Pod (MEP) × 3,"~4,200 kg (9,300 lb)",GTO,Northrop Grumman,Success,No attempt,,4200.0,0
668,"Developed from Northrop Grumman's 2,000 kg Mission Extension Vehicle architecture. One MEP (400 kg each) will be attached to Optus D3.[346] First stage booster B1069 was expended on this mission due to additional performance, according to SpaceX.","Developed from Northrop Grumman's 2,000 kg Mission Extension Vehicle architecture. One MEP (400 kg each) will be attached to Optus D3.[346] First stage booster B1069 was expended on this mission due to additional performance, according to SpaceX.",Other,"Developed from Northrop Grumman's 2,000 kg Mission Extension Vehicle architecture. One MEP (400 kg each) will be attached to Optus D3.[346] First stage booster B1069 was expended on this mission due to additional performance, according to SpaceX.","Developed from Northrop Grumman's 2,000 kg Mission Extension Vehicle architecture. One MEP (400 kg each) will be attached to Optus D3.[346] First stage booster B1069 was expended on this mission due to additional performance, according to SpaceX.",ISS,"Developed from Northrop Grumman's 2,000 kg Mission Extension Vehicle architecture. One MEP (400 kg each) will be attached to Optus D3.[346] First stage booster B1069 was expended on this mission due to additional performance, according to SpaceX.","Developed from Northrop Grumman's 2,000 kg Mission Extension Vehicle architecture. One MEP (400 kg each) will be attached to Optus D3.[346] First stage booster B1069 was expended on this mission due to additional performance, according to SpaceX.","Developed from Northrop Grumman's 2,000 kg Mission Extension Vehicle architecture. One MEP (400 kg each) will be attached to Optus D3.[346] First stage booster B1069 was expended on this mission due to additional performance, according to SpaceX.",,2000.0,0
669,"July 25, 2026 15:51[347]",F9 B5 B1100‑8,VSFB,Starlink: Group 17-51,"~13,800 kg (30,400 lb)",SSO,SpaceX,Success,Success (OCISLY),,13800.0,1
669,Launch of 24 Starlink v2 mini satellites to a 281 km (175 mi) orbit at an inclination of 97° to expand internet constellation.,Launch of 24 Starlink v2 mini satellites to a 281 km (175 mi) orbit at an inclination of 97° to expand internet constellation.,Other,Launch of 24 Starlink v2 mini satellites to a 281 km (175 mi) orbit at an inclination of 97° to expand internet constellation.,Launch of 24 Starlink v2 mini satellites to a 281 km (175 mi) orbit at an inclination of 97° to expand internet constellation.,Other,Launch of 24 Starlink v2 mini satellites to a 281 km (175 mi) orbit at an inclination of 97° to expand internet constellation.,Launch of 24 Starlink v2 mini satellites to a 281 km (175 mi) orbit at an inclination of 97° to expand internet constellation.,Launch of 24 Starlink v2 mini satellites to a 281 km (175 mi) orbit at an inclination of 97° to expand internet constellation.,,24.0,0
670,"July 30, 2026 07:10[348]",F9 B5 B1096‑7,CCSFS,NROL-95,Unknown,LEO,NRO,Success,Success (LZ‑2),,6920.564516129032,1
670,Confidential mission for the National Reconnaissance Office.,Confidential mission for the National Reconnaissance Office.,Other,Confidential mission for the National Reconnaissance Office.,Confidential mission for the National Reconnaissance Office.,ISS,Confidential mission for the National Reconnaissance Office.,Confidential mission for the National Reconnaissance Office.,Confidential mission for the National Reconnaissance Office.,,6920.564516129032,0
671,"August 1, 2026 03:08[349]",F9 B5 B1081‑26,VSFB,Starlink: Group 17-52,"~13,800 kg (30,400 lb)",SSO,SpaceX,Success,Success (OCISLY),,13800.0,1
671,Launch of 24 Starlink v2 mini satellites to a 281 km (175 mi) orbit at an inclination of 97° to expand internet constellation.,Launch of 24 Starlink v2 mini satellites to a 281 km (175 mi) orbit at an inclination of 97° to expand internet constellation.,Other,Launch of 24 Starlink v2 mini satellites to a 281 km (175 mi) orbit at an inclination of 97° to expand internet constellation.,Launch of 24 Starlink v2 mini satellites to a 281 km (175 mi) orbit at an inclination of 97° to expand internet constellation.,Other,Launch of 24 Starlink v2 mini satellites to a 281 km (175 mi) orbit at an inclination of 97° to expand internet constellation.,Launch of 24 Starlink v2 mini satellites to a 281 km (175 mi) orbit at an inclination of 97° to expand internet constellation.,Launch of 24 Starlink v2 mini satellites to a 281 km (175 mi) orbit at an inclination of 97° to expand internet constellation.,,24.0,0
672,"August 4, 2026 17:05[350]",F9 B5 B1063‑34,VSFB,Starlink: Group 17-53,"~13,800 kg (30,400 lb)",SSO,SpaceX,Success,Success (OCISLY),,13800.0,1
672,Launch of 24 Starlink v2 mini satellites to a 281 km (175 mi) orbit at an inclination of 97° to expand internet constellation.,Launch of 24 Starlink v2 mini satellites to a 281 km (175 mi) orbit at an inclination of 97° to expand internet constellation.,Other,Launch of 24 Starlink v2 mini satellites to a 281 km (175 mi) orbit at an inclination of 97° to expand internet constellation.,Launch of 24 Starlink v2 mini satellites to a 281 km (175 mi) orbit at an inclination of 97° to expand internet constellation.,Other,Launch of 24 Starlink v2 mini satellites to a 281 km (175 mi) orbit at an inclination of 97° to expand internet constellation.,Launch of 24 Starlink v2 mini satellites to a 281 km (175 mi) orbit at an inclination of 97° to expand internet constellation.,Launch of 24 Starlink v2 mini satellites to a 281 km (175 mi) orbit at an inclination of 97° to expand internet constellation.,,24.0,0
673,"August 5, 2026 07:49[351]",F9 B5 B1077‑30,CCSFS,BlueBird Block 2 #11-13 (3 satellites),"~13,500 kg (29,800 lb)",LEO,AST SpaceMobile,Success,Success (ASOG),,13500.0,1
673,"Cellphone-compatible broadband constellation. The next-generation Block 2 BlueBird satellites delivers 10x the bandwidth of BlueBird Block 1 satellites, allowing continuous cellular broadband service coverage. They will feature a ~2,400 ft2 (220 m2) communications array, the largest ever developed commercially.[326]","Cellphone-compatible broadband constellation. The next-generation Block 2 BlueBird satellites delivers 10x the bandwidth of BlueBird Block 1 satellites, allowing continuous cellular broadband service coverage. They will feature a ~2,400 ft2 (220 m2) communications array, the largest ever developed commercially.[326]",Other,"Cellphone-compatible broadband constellation. The next-generation Block 2 BlueBird satellites delivers 10x the bandwidth of BlueBird Block 1 satellites, allowing continuous cellular broadband service coverage. They will feature a ~2,400 ft2 (220 m2) communications array, the largest ever developed commercially.[326]","Cellphone-compatible broadband constellation. The next-generation Block 2 BlueBird satellites delivers 10x the bandwidth of BlueBird Block 1 satellites, allowing continuous cellular broadband service coverage. They will feature a ~2,400 ft2 (220 m2) communications array, the largest ever developed commercially.[326]",Other,"Cellphone-compatible broadband constellation. The next-generation Block 2 BlueBird satellites delivers 10x the bandwidth of BlueBird Block 1 satellites, allowing continuous cellular broadband service coverage. They will feature a ~2,400 ft2 (220 m2) communications array, the largest ever developed commercially.[326]","Cellphone-compatible broadband constellation. The next-generation Block 2 BlueBird satellites delivers 10x the bandwidth of BlueBird Block 1 satellites, allowing continuous cellular broadband service coverage. They will feature a ~2,400 ft2 (220 m2) communications array, the largest ever developed commercially.[326]","Cellphone-compatible broadband constellation. The next-generation Block 2 BlueBird satellites delivers 10x the bandwidth of BlueBird Block 1 satellites, allowing continuous cellular broadband service coverage. They will feature a ~2,400 ft2 (220 m2) communications array, the largest ever developed commercially.[326]",,2.0,0
674,"August 8, 2026 16:35[352]",F9 B5 B1093‑16,VSFB,Starlink: Group 17-38,"~13,800 kg (30,400 lb)",SSO,SpaceX,Success,Success (OCISLY),,13800.0,1
674,Launch of 24 Starlink v2 mini satellites to a 281 km (175 mi) orbit at an inclination of 97° to expand internet constellation.,Launch of 24 Starlink v2 mini satellites to a 281 km (175 mi) orbit at an inclination of 97° to expand internet constellation.,Other,Launch of 24 Starlink v2 mini satellites to a 281 km (175 mi) orbit at an inclination of 97° to expand internet constellation.,Launch of 24 Starlink v2 mini satellites to a 281 km (175 mi) orbit at an inclination of 97° to expand internet constellation.,Other,Launch of 24 Starlink v2 mini satellites to a 281 km (175 mi) orbit at an inclination of 97° to expand internet constellation.,Launch of 24 Starlink v2 mini satellites to a 281 km (175 mi) orbit at an inclination of 97° to expand internet constellation.,Launch of 24 Starlink v2 mini satellites to a 281 km (175 mi) orbit at an inclination of 97° to expand internet constellation.,,24.0,0
675,"August 11, 2026 15:58[353]",F9 B5 B1085‑18,CCSFS,Starlink: Group 10-19,"~16,675 kg (36,762 lb)",LEO,SpaceX,Success,Success (ASOG),,16675.0,1
675,Launch of 29 Starlink v2 mini satellites to a 281 km (175 mi) orbit at an inclination of 53° to expand internet constellation. 1st time flying a fairing half for the 39th time.[354],Launch of 29 Starlink v2 mini satellites to a 281 km (175 mi) orbit at an inclination of 53° to expand internet constellation. 1st time flying a fairing half for the 39th time.[354],Other,Launch of 29 Starlink v2 mini satellites to a 281 km (175 mi) orbit at an inclination of 53° to expand internet constellation. 1st time flying a fairing half for the 39th time.[354],Launch of 29 Starlink v2 mini satellites to a 281 km (175 mi) orbit at an inclination of 53° to expand internet constellation. 1st time flying a fairing half for the 39th time.[354],Other,Launch of 29 Starlink v2 mini satellites to a 281 km (175 mi) orbit at an inclination of 53° to expand internet constellation. 1st time flying a fairing half for the 39th time.[354],Launch of 29 Starlink v2 mini satellites to a 281 km (175 mi) orbit at an inclination of 53° to expand internet constellation. 1st time flying a fairing half for the 39th time.[354],Launch of 29 Starlink v2 mini satellites to a 281 km (175 mi) orbit at an inclination of 53° to expand internet constellation. 1st time flying a fairing half for the 39th time.[354],,29.0,0
676,"August 12, 2026 04:46[355]",F9 B5 B1103‑5,VSFB,Starlink: Group 17-49,"~13,800 kg (30,400 lb)",SSO,SpaceX,Success,Success (OCISLY),,13800.0,1
676,Launch of 24 Starlink v2 mini satellites to a 281 km (175 mi) orbit at an inclination of 97° to expand internet constellation.,Launch of 24 Starlink v2 mini satellites to a 281 km (175 mi) orbit at an inclination of 97° to expand internet constellation.,Other,Launch of 24 Starlink v2 mini satellites to a 281 km (175 mi) orbit at an inclination of 97° to expand internet constellation.,Launch of 24 Starlink v2 mini satellites to a 281 km (175 mi) orbit at an inclination of 97° to expand internet constellation.,Other,Launch of 24 Starlink v2 mini satellites to a 281 km (175 mi) orbit at an inclination of 97° to expand internet constellation.,Launch of 24 Starlink v2 mini satellites to a 281 km (175 mi) orbit at an inclination of 97° to expand internet constellation.,Launch of 24 Starlink v2 mini satellites to a 281 km (175 mi) orbit at an inclination of 97° to expand internet constellation.,,24.0,0
677,"August 16, 2026 01:12[356]",F9 B5 B1090‑14,CCSFS,Globalstar-2R M104–111 (8 satellites),"4,000 kg (8,800 lb)",LEO,Globalstar,Success,Success (LZ‑40),,4000.0,1
677,"Globalstar Second generation replacement satellites constellation, launching to a 52 degree inclination orbit at an altitude of 1,410 km. The short-nozzle second stage was used for this mission.","Globalstar Second generation replacement satellites constellation, launching to a 52 degree inclination orbit at an altitude of 1,410 km. The short-nozzle second stage was used for this mission.",Other,"Globalstar Second generation replacement satellites constellation, launching to a 52 degree inclination orbit at an altitude of 1,410 km. The short-nozzle second stage was used for this mission.","Globalstar Second generation replacement satellites constellation, launching to a 52 degree inclination orbit at an altitude of 1,410 km. The short-nozzle second stage was used for this mission.",ISS,"Globalstar Second generation replacement satellites constellation, launching to a 52 degree inclination orbit at an altitude of 1,410 km. The short-nozzle second stage was used for this mission.","Globalstar Second generation replacement satellites constellation, launching to a 52 degree inclination orbit at an altitude of 1,410 km. The short-nozzle second stage was used for this mission.","Globalstar Second generation replacement satellites constellation, launching to a 52 degree inclination orbit at an altitude of 1,410 km. The short-nozzle second stage was used for this mission.",,52.0,0
678,"August 16, 2026 01:50",F9 B5 B1088‑18,VSFB,USSF-366 (R-1) (~23 Starshield satellites),Unknown,LEO,USSF,Success,Success (OCISLY),,6920.564516129032,1
678,"Classified mission for the United States Space Force, suspected to be part of the new Starshield-based Space Data Network Backbone. It is possibly a batch of classified LEO satellites for a US government entity based on SpaceX’s Starshield satellite bus. SpaceX set a new record for the shortest time between two Falcon launches at 38 minutes. The previous record time was 1 hours and 51 minutes, set between the Starlink Group 8-10 and 9-5 missions on August 31, 2024.","Classified mission for the United States Space Force, suspected to be part of the new Starshield-based Space Data Network Backbone. It is possibly a batch of classified LEO satellites for a US government entity based on SpaceX’s Starshield satellite bus. SpaceX set a new record for the shortest time between two Falcon launches at 38 minutes. The previous record time was 1 hours and 51 minutes, set between the Starlink Group 8-10 and 9-5 missions on August 31, 2024.",Other,"Classified mission for the United States Space Force, suspected to be part of the new Starshield-based Space Data Network Backbone. It is possibly a batch of classified LEO satellites for a US government entity based on SpaceX’s Starshield satellite bus. SpaceX set a new record for the shortest time between two Falcon launches at 38 minutes. The previous record time was 1 hours and 51 minutes, set between the Starlink Group 8-10 and 9-5 missions on August 31, 2024.","Classified mission for the United States Space Force, suspected to be part of the new Starshield-based Space Data Network Backbone. It is possibly a batch of classified LEO satellites for a US government entity based on SpaceX’s Starshield satellite bus. SpaceX set a new record for the shortest time between two Falcon launches at 38 minutes. The previous record time was 1 hours and 51 minutes, set between the Starlink Group 8-10 and 9-5 missions on August 31, 2024.",LEO,"Classified mission for the United States Space Force, suspected to be part of the new Starshield-based Space Data Network Backbone. It is possibly a batch of classified LEO satellites for a US government entity based on SpaceX’s Starshield satellite bus. SpaceX set a new record for the shortest time between two Falcon launches at 38 minutes. The previous record time was 1 hours and 51 minutes, set between the Starlink Group 8-10 and 9-5 missions on August 31, 2024.","Classified mission for the United States Space Force, suspected to be part of the new Starshield-based Space Data Network Backbone. It is possibly a batch of classified LEO satellites for a US government entity based on SpaceX’s Starshield satellite bus. SpaceX set a new record for the shortest time between two Falcon launches at 38 minutes. The previous record time was 1 hours and 51 minutes, set between the Starlink Group 8-10 and 9-5 missions on August 31, 2024.","Classified mission for the United States Space Force, suspected to be part of the new Starshield-based Space Data Network Backbone. It is possibly a batch of classified LEO satellites for a US government entity based on SpaceX’s Starshield satellite bus. SpaceX set a new record for the shortest time between two Falcon launches at 38 minutes. The previous record time was 1 hours and 51 minutes, set between the Starlink Group 8-10 and 9-5 missions on August 31, 2024.",,38.0,0
679,"August 19, 2026 04:01[357]",F9 B5 B1097‑12,VSFB,Starlink: Group 17-50,"~13,800 kg (30,400 lb)",SSO,SpaceX,Success,Success (OCISLY),,13800.0,1
679,Launch of 24 Starlink v2 mini satellites to a 281 km (175 mi) orbit at an inclination of 97° to expand internet constellation.,Launch of 24 Starlink v2 mini satellites to a 281 km (175 mi) orbit at an inclination of 97° to expand internet constellation.,Other,Launch of 24 Starlink v2 mini satellites to a 281 km (175 mi) orbit at an inclination of 97° to expand internet constellation.,Launch of 24 Starlink v2 mini satellites to a 281 km (175 mi) orbit at an inclination of 97° to expand internet constellation.,Other,Launch of 24 Starlink v2 mini satellites to a 281 km (175 mi) orbit at an inclination of 97° to expand internet constellation.,Launch of 24 Starlink v2 mini satellites to a 281 km (175 mi) orbit at an inclination of 97° to expand internet constellation.,Launch of 24 Starlink v2 mini satellites to a 281 km (175 mi) orbit at an inclination of 97° to expand internet constellation.,,24.0,0
680,"August 21, 2026 15:14[358]",F9 B5 B1078‑30,CCSFS,Starlink: Group 10-39,"~16,675 kg (36,762 lb)",LEO,SpaceX,Success,Success (ASOG),,16675.0,1
680,"Launch of 29 Starlink v2 mini satellites to a 281 km (175 mi) orbit at an inclination of 53° to expand internet constellation. 1st time flying a fairing half for the 40th time, becoming the most flown rocket stage to space.","Launch of 29 Starlink v2 mini satellites to a 281 km (175 mi) orbit at an inclination of 53° to expand internet constellation. 1st time flying a fairing half for the 40th time, becoming the most flown rocket stage to space.",Other,"Launch of 29 Starlink v2 mini satellites to a 281 km (175 mi) orbit at an inclination of 53° to expand internet constellation. 1st time flying a fairing half for the 40th time, becoming the most flown rocket stage to space.","Launch of 29 Starlink v2 mini satellites to a 281 km (175 mi) orbit at an inclination of 53° to expand internet constellation. 1st time flying a fairing half for the 40th time, becoming the most flown rocket stage to space.",Other,"Launch of 29 Starlink v2 mini satellites to a 281 km (175 mi) orbit at an inclination of 53° to expand internet constellation. 1st time flying a fairing half for the 40th time, becoming the most flown rocket stage to space.","Launch of 29 Starlink v2 mini satellites to a 281 km (175 mi) orbit at an inclination of 53° to expand internet constellation. 1st time flying a fairing half for the 40th time, becoming the most flown rocket stage to space.","Launch of 29 Starlink v2 mini satellites to a 281 km (175 mi) orbit at an inclination of 53° to expand internet constellation. 1st time flying a fairing half for the 40th time, becoming the most flown rocket stage to space.",,29.0,0
681,"August 22, 2026 07:25[359]",F9 B5 B1100‑9,VSFB,Starlink: Group 15-20,"~15,525 kg (34,227 lb)",LEO,SpaceX,Success,Success (OCISLY),,15525.0,1
681,Launch of 27 Starlink v2 mini satellites to a 295 km (183 mi) orbit at an inclination of 70° to expand internet constellation.,Launch of 27 Starlink v2 mini satellites to a 295 km (183 mi) orbit at an inclination of 70° to expand internet constellation.,Other,Launch of 27 Starlink v2 mini satellites to a 295 km (183 mi) orbit at an inclination of 70° to expand internet constellation.,Launch of 27 Starlink v2 mini satellites to a 295 km (183 mi) orbit at an inclination of 70° to expand internet constellation.,Other,Launch of 27 Starlink v2 mini satellites to a 295 km (183 mi) orbit at an inclination of 70° to expand internet constellation.,Launch of 27 Starlink v2 mini satellites to a 295 km (183 mi) orbit at an inclination of 70° to expand internet constellation.,Launch of 27 Starlink v2 mini satellites to a 295 km (183 mi) orbit at an inclination of 70° to expand internet constellation.,,27.0,0
